wavelength (nm),29/05/2023,29/05/2023,29/05/2023,29/05/2023,29/05/2023,29/05/2023,29/05/2023,29/05/2023,29/05/2023,29/05/2023
190,91.191,103.572,168.087,131.842,130.045,298.693,354.006,292.493,99.747,16.419
190.5,87.053,100.717,162.834,127.234,125.965,295.014,351.641,291.243,99.6,16.017
191,84.146,99.497,157.612,123.074,122.053,293.962,349.409,290.546,99.645,16.039
191.5,81.968,99.864,152.512,119.117,118.423,293.44,347.169,290.302,99.605,16.037
192,80.329,98.244,148.746,115.431,115.066,292.44,345.878,290.167,99.579,16.185
192.5,78.292,96.186,145.263,112.111,111.953,292.104,346.667,289.836,99.547,16.234
193,76.569,93.696,142.161,109.313,109.117,292.369,346.724,290.331,100.021,16.398
193.5,74.929,90.94,139.415,106.751,106.438,292.51,348.063,290.325,99.983,16.487
194,73.273,88.754,136.662,104.319,104.243,292.725,349.489,290.845,99.689,16.48
194.5,71.838,87.11,134.211,101.97,102.115,292.702,349.879,290.649,99.708,16.543
195,70.412,85.059,131.54,99.711,99.742,292.545,349.043,291.929,99.946,16.451
195.5,68.675,83.156,128.653,97.701,97.39,293.772,348.364,293.196,100.111,16.419
196,67.2,82.211,125.889,95.612,95.324,294.73,347.867,294.62,100.123,16.557
196.5,65.938,81.087,123.369,93.959,93.469,294.244,348.628,294.387,100.4,16.676
197,64.731,79.419,120.946,92.159,91.535,293.818,348.734,295.161,100.638,16.707
197.5,63.523,77.975,118.478,90.505,89.726,293.162,347.713,295.078,100.904,16.756
198,62.572,76.873,116.229,89.115,88.237,292.846,347.046,294.59,100.894,16.842
198.5,61.387,75.906,114.062,87.68,86.798,291.86,346.769,294.072,100.715,16.737
199,59.949,74.978,111.929,86.479,85.877,290.838,345.329,293.083,100.658,16.802
199.5,58.332,73.664,110.132,85.302,84.645,289.512,343.918,292.318,100.667,16.813
200,57.042,72.433,108.394,83.971,83.193,288.527,341.155,292.016,100.437,16.741
200.5,55.846,70.955,106.903,82.905,81.873,287.062,339.42,290.148,100.16,16.708
201,54.965,69.914,105.358,81.457,80.784,284.729,338.064,287.769,99.924,16.672
201.5,54.389,68.641,103.629,80.094,79.636,282.287,335.738,284.687,99.753,16.517
202,53.772,67.662,102.365,78.558,78.637,280.302,333.468,282.998,99.646,16.388
202.5,53.283,66.922,101.054,77.616,77.506,278.356,329.994,279.582,99.366,16.358
203,53.049,66.389,99.641,76.655,76.483,276.181,327.676,276.111,99.007,16.259
203.5,52.566,65.651,98.265,75.648,75.616,273.417,324.643,273.088,98.978,16.095
204,51.858,64.977,96.762,74.75,74.763,270.511,320.565,269.863,98.646,16.068
204.5,51.075,64.245,95.424,73.847,73.848,266.527,316.735,266.816,98.258,15.818
205,50.056,63.564,93.934,73.066,72.886,263.306,312.034,263.99,97.913,15.741
205.5,49.13,62.77,92.478,72.412,72.17,259.647,306.882,260.134,97.538,15.663
206,48.213,62.143,91.295,71.541,71.451,256.1,302.198,256.791,97.112,15.65
206.5,47.547,61.371,90.081,70.532,70.922,252.844,296.999,253.064,96.603,15.652
207,46.867,60.547,88.894,69.521,70.12,248.493,293.042,248.914,96.252,15.563
207.5,46.304,59.866,87.674,68.601,69.16,243.65,288.088,243.671,95.534,15.534
208,45.763,58.784,86.292,67.461,68.151,238.543,282.038,238.518,94.607,15.379
208.5,45.44,57.564,84.974,66.335,67.049,233.411,276.079,233.013,93.609,15.079
209,44.697,56.522,83.362,65.071,65.936,227.713,270.067,227.451,92.636,14.825
209.5,43.951,55.63,81.834,64.013,64.752,222.344,264.286,221.894,91.706,14.561
210,43.335,54.689,80.341,63,63.522,217.573,258.142,216.835,91.009,14.443
210.5,42.732,54.063,79.078,62.119,62.515,213.378,252.273,212.288,90.305,14.316
211,41.829,53.276,78.136,61.438,61.791,208.779,247.918,208.981,89.93,14.404
211.5,41.095,52.418,76.959,60.664,61.076,204.574,243.272,204.77,89.546,14.402
212,40.363,51.538,76.06,59.955,60.34,200.193,239.129,201.307,89.412,14.447
212.5,39.569,50.88,74.874,59.255,59.652,196.003,233.995,197.793,88.798,14.438
213,38.934,49.843,73.648,58.36,58.993,192.099,229.041,194.272,88.252,14.282
213.5,38.399,49.178,72.377,57.459,58.149,188.433,224.749,190.698,87.475,13.921
214,37.65,48.395,70.881,56.533,57.155,184.772,220.315,187.226,86.63,13.554
214.5,37.207,47.597,69.638,55.644,56.021,181.607,215.505,183.911,85.983,13.328
215,36.895,46.887,68.443,54.681,55.114,178.22,211.332,180.599,85.37,13.115
215.5,36.672,46.113,67.192,53.917,54.282,175.368,207.445,177.505,84.767,12.961
216,36.003,45.316,66.115,53.258,53.614,172.19,204.332,174.871,84.165,12.849
216.5,35.598,44.626,65.087,52.568,52.969,169.635,201.241,171.775,83.624,12.772
217,35.162,43.904,64.02,51.823,52.253,167.358,198.295,169.491,83.232,12.804
217.5,34.79,43.502,62.819,51.029,51.619,164.854,195.097,166.631,82.8,12.742
218,34.32,42.978,61.828,50.184,50.956,162.878,192.892,164.074,82.433,12.623
218.5,33.908,42.519,60.782,49.326,50.067,160.788,190.447,161.505,81.671,12.358
219,33.412,41.827,59.838,48.458,49.145,158.56,187.814,159.09,81.246,12.124
219.5,32.778,41.149,59.018,47.593,48.37,156.589,185.543,156.979,80.923,11.978
220,32.058,40.389,58.075,46.909,47.746,154.364,183.344,154.753,80.41,11.94
220.5,31.518,39.596,57.05,46.283,47.072,152.443,181.162,152.752,80.008,11.979
221,30.758,38.93,56.156,45.556,46.477,150.742,178.927,151.306,79.436,11.875
221.5,30.355,38.362,55.001,44.753,45.754,149.048,176.59,149.346,78.944,11.843
222,29.89,37.704,53.914,43.987,45.017,147.31,174.274,147.597,78.556,11.888
222.5,29.434,37.228,52.747,43.216,44.288,145.381,171.887,145.675,78.112,11.884
223,28.943,36.769,51.727,42.519,43.545,143.502,169.87,143.88,77.704,11.787
223.5,28.588,36.059,50.715,41.776,42.706,141.435,167.673,141.771,77.069,11.654
224,28.048,35.347,49.853,41.052,41.95,139.518,165.41,139.772,76.719,11.522
224.5,27.418,34.565,48.95,40.333,41.252,137.669,163.506,137.599,76.273,11.417
225,26.869,33.824,48.028,39.759,40.579,135.676,161.366,135.508,75.821,11.334
225.5,26.377,33.076,47.207,39.085,39.779,133.669,159.107,133.244,75.21,11.092
226,25.863,32.354,46.214,38.274,38.95,131.501,156.247,130.634,74.291,10.598
226.5,25.435,31.679,45.132,37.388,38.037,129.066,153.338,127.875,73.307,10.134
227,24.951,31.057,44.102,36.611,37.229,126.761,150.557,125.427,72.51,9.811
227.5,24.468,30.574,43.106,35.88,36.54,124.71,148.092,123.544,71.92,9.73
228,24.08,30.075,42.326,35.355,35.998,123.066,146.169,122.112,71.666,9.913
228.5,23.719,29.538,41.661,34.945,35.566,121.862,144.705,121.054,71.424,10.247
229,23.332,29.052,41.129,34.595,35.272,121.003,143.53,120.27,71.4,10.696
229.5,22.974,28.651,40.642,34.294,35.054,120.354,142.791,119.703,71.484,11.221
230,22.697,28.25,40.209,34.051,34.814,119.835,141.89,119.176,71.617,11.722
230.5,22.412,27.916,39.788,33.771,34.541,119.095,140.91,118.291,71.477,11.948
231,22.165,27.562,39.245,33.378,34.164,118.084,139.449,117.031,71.096,11.92
231.5,21.924,27.208,38.633,32.889,33.684,116.719,137.655,115.405,70.552,11.642
232,21.652,26.883,38.031,32.398,33.242,115.349,135.871,113.773,70.135,11.385
232.5,21.277,26.512,37.486,31.946,32.843,114.051,134.177,112.356,69.844,11.249
233,20.949,26.087,36.926,31.529,32.445,112.774,132.547,110.844,69.509,11.106
233.5,20.673,25.694,36.393,31.124,32.054,111.37,130.856,109.329,69.062,10.932
234,20.387,25.373,35.837,30.733,31.681,109.908,129.223,107.705,68.608,10.749
234.5,20.169,25.032,35.314,30.407,31.316,108.64,127.795,106.249,68.339,10.712
235,19.944,24.677,34.892,30.103,31.007,107.526,126.422,104.944,68.098,10.771
235.5,19.801,24.421,34.487,29.786,30.715,106.381,125.054,103.668,67.762,10.802
236,19.63,24.153,34.137,29.509,30.418,105.339,123.697,102.366,67.394,10.816
236.5,19.481,23.872,33.766,29.189,30.098,104.2,122.306,101.119,66.961,10.734
237,19.227,23.625,33.414,28.963,29.826,103.211,121.01,99.831,66.567,10.729
237.5,18.971,23.401,33.018,28.657,29.508,102.201,119.581,98.502,66.16,10.694
238,18.728,23.107,32.575,28.318,29.185,101.159,118.1,97.065,65.715,10.616
238.5,18.507,22.851,32.146,28.03,28.918,99.899,116.538,95.599,65.274,10.483
239,18.304,22.555,31.724,27.751,28.61,98.532,114.891,94.065,64.799,10.273
239.5,18.107,22.239,31.359,27.461,28.283,97.134,113.162,92.414,64.305,10.075
240,17.878,21.962,30.993,27.111,27.929,95.472,111.128,90.549,63.642,9.77
240.5,17.732,21.754,30.63,26.771,27.552,93.732,109.009,88.612,62.915,9.465
241,17.586,21.52,30.274,26.501,27.214,92.08,107.038,86.835,62.329,9.302
241.5,17.466,21.262,29.961,26.241,26.952,90.642,105.307,85.46,61.889,9.294
242,17.337,21.112,29.648,26.049,26.691,89.452,103.886,84.209,61.556,9.407
242.5,17.252,21.014,29.323,25.785,26.464,88.534,102.668,83.15,61.317,9.629
243,17.162,20.874,29.095,25.61,26.347,87.868,101.836,82.356,61.214,9.938
243.5,17.005,20.719,28.891,25.509,26.346,87.21,101.08,81.604,61.161,10.239
244,16.833,20.506,28.7,25.377,26.268,86.405,100.042,80.606,60.91,10.333
244.5,16.64,20.298,28.462,25.163,26.041,85.076,98.383,78.898,60.264,10.033
245,16.431,20.113,28.155,24.853,25.711,83.277,96.152,76.665,59.313,9.411
245.5,16.268,19.915,27.837,24.563,25.349,81.343,93.785,74.446,58.37,8.817
246,16.115,19.732,27.519,24.295,25.073,79.589,91.62,72.541,57.615,8.466
246.5,15.975,19.536,27.297,24.056,24.82,78.125,89.867,71.015,57.066,8.366
247,15.83,19.378,27.063,23.838,24.544,76.898,88.436,69.805,56.722,8.465
247.5,15.69,19.201,26.901,23.675,24.378,76.148,87.461,69.063,56.628,8.841
248,15.593,19.01,26.77,23.574,24.311,75.647,86.822,68.578,56.723,9.356
248.5,15.434,18.88,26.626,23.529,24.275,75.232,86.151,68.182,56.867,9.83
249,15.31,18.709,26.437,23.428,24.159,74.639,85.216,67.43,56.837,10.046
249.5,15.176,18.568,26.19,23.232,23.934,73.555,83.824,66.157,56.395,9.838
250,14.981,18.398,25.916,22.955,23.681,72.142,82.049,64.463,55.693,9.372
250.5,14.861,18.235,25.644,22.699,23.402,70.728,80.234,62.728,54.936,8.882
251,14.688,18.082,25.438,22.447,23.181,69.426,78.725,61.26,54.285,8.548
251.5,14.497,17.908,25.25,22.236,22.932,68.246,77.469,60.034,53.762,8.37
252,14.291,17.75,25.069,22.06,22.709,67.278,76.409,59.117,53.444,8.352
252.5,14.193,17.532,24.987,21.948,22.616,66.569,75.726,58.53,53.308,8.54
253,14.087,17.379,24.856,21.854,22.513,65.933,75.072,58.049,53.259,8.76
253.5,13.989,17.294,24.757,21.739,22.426,65.377,74.402,57.683,53.269,8.982
254,13.951,17.228,24.655,21.606,22.355,64.849,73.724,57.234,53.277,9.113
254.5,13.895,17.154,24.507,21.446,22.233,64.128,72.852,56.608,53.099,9.052
255,13.862,17.022,24.389,21.299,22.109,63.167,71.711,55.675,52.694,8.855
255.5,13.786,16.884,24.276,21.152,21.959,62.229,70.599,54.653,52.274,8.581
256,13.62,16.764,24.194,21.043,21.839,61.288,69.671,53.821,51.921,8.402
256.5,13.485,16.633,24.1,20.962,21.737,60.506,68.834,53.109,51.603,8.295
257,13.349,16.495,24.045,20.883,21.64,59.809,68.114,52.485,51.366,8.234
257.5,13.21,16.303,23.975,20.815,21.545,59.119,67.359,51.778,51.026,8.093
258,13.09,16.244,23.82,20.636,21.346,58.316,66.433,50.895,50.545,7.789
258.5,13.025,16.168,23.674,20.432,21.163,57.566,65.419,50.128,50.041,7.512
259,12.99,16.122,23.56,20.255,20.985,57.003,64.662,49.683,49.717,7.423
259.5,12.951,16.059,23.405,20.095,20.802,56.644,64.151,49.48,49.573,7.593
260,13.004,16.113,23.342,20.016,20.73,56.343,63.863,49.468,49.579,7.913
260.5,12.992,16.168,23.25,19.956,20.686,56.315,63.857,49.508,49.727,8.256
261,12.969,16.207,23.186,19.92,20.688,56.269,63.903,49.632,50.017,8.644
261.5,13.011,16.136,23.232,19.921,20.724,56.313,63.969,49.709,50.297,8.935
262,12.978,16.146,23.264,19.989,20.769,56.211,63.975,49.642,50.514,9.128
262.5,12.943,16.139,23.247,19.967,20.797,56.02,63.749,49.432,50.552,9.072
263,13.016,16.192,23.222,19.944,20.804,55.73,63.345,49.083,50.498,8.882
263.5,13.034,16.161,23.189,19.971,20.799,55.444,62.839,48.747,50.383,8.655
264,13.059,16.197,23.242,19.979,20.775,55.11,62.403,48.42,50.222,8.515
264.5,13.04,16.169,23.271,20.022,20.783,54.918,62.125,48.284,50.102,8.445
265,13.032,16.203,23.305,20.054,20.772,54.667,61.872,48.089,49.95,8.369
265.5,13.021,16.168,23.267,20.082,20.716,54.408,61.681,47.848,49.777,8.246
266,12.998,16.184,23.238,20.049,20.665,54.088,61.468,47.697,49.669,8.142
266.5,13.034,16.09,23.306,20.047,20.628,53.83,61.356,47.522,49.502,8.054
267,13.069,16.217,23.319,20.004,20.622,53.519,61.196,47.404,49.34,8.077
267.5,13.162,16.276,23.329,19.887,20.608,53.439,61.152,47.477,49.302,8.149
268,13.29,16.346,23.331,19.873,20.572,53.408,61.13,47.688,49.386,8.25
268.5,13.431,16.412,23.368,19.907,20.586,53.491,61.104,47.89,49.471,8.406
269,13.591,16.506,23.471,19.93,20.638,53.484,60.981,47.987,49.407,8.436
269.5,13.65,16.513,23.532,19.966,20.668,53.401,60.796,48.001,49.321,8.325
270,13.651,16.497,23.587,19.96,20.683,53.236,60.557,47.832,49.162,8.13
270.5,13.635,16.515,23.627,19.991,20.679,53.068,60.405,47.773,49.11,8.004
271,13.572,16.547,23.601,19.996,20.737,52.943,60.426,47.782,49.191,7.989
271.5,13.524,16.495,23.573,19.958,20.748,52.826,60.391,47.737,49.2,8
272,13.529,16.571,23.543,19.865,20.709,52.731,60.336,47.732,49.221,8.041
272.5,13.528,16.586,23.502,19.804,20.637,52.787,60.531,47.93,49.424,8.173
273,13.539,16.673,23.421,19.771,20.561,52.914,60.73,48.252,49.63,8.348
273.5,13.663,16.755,23.407,19.786,20.565,53.215,60.961,48.553,49.832,8.577
274,13.751,16.889,23.394,19.769,20.537,53.355,61.008,48.656,49.898,8.59
274.5,13.837,16.983,23.359,19.749,20.497,53.337,60.934,48.613,49.895,8.491
275,13.94,16.998,23.364,19.72,20.462,53.378,60.894,48.574,49.825,8.355
275.5,13.985,17.01,23.363,19.748,20.45,53.401,60.881,48.629,49.823,8.342
276,13.985,16.872,23.254,19.733,20.439,53.35,60.92,48.661,49.838,8.377
276.5,14.032,16.792,23.169,19.614,20.348,53.267,60.841,48.701,49.787,8.36
277,14.033,16.714,23.156,19.546,20.275,53.248,60.873,48.766,49.805,8.412
277.5,14.009,16.62,23.161,19.495,20.268,53.301,60.953,48.946,49.945,8.501
278,13.94,16.637,23.122,19.444,20.278,53.351,61.02,49.032,50.025,8.594
278.5,13.959,16.647,23.121,19.429,20.284,53.406,61.093,49.147,50.054,8.649
279,13.939,16.716,23.076,19.413,20.247,53.418,61.047,49.066,50.046,8.598
279.5,13.971,16.737,23.024,19.39,20.203,53.423,60.981,49.03,50.022,8.536
280,14.015,16.735,22.969,19.389,20.128,53.43,60.893,48.949,49.936,8.448
280.5,14.013,16.699,22.91,19.383,20.052,53.288,60.744,48.87,49.815,8.386
281,14.072,16.689,22.779,19.323,19.955,53.143,60.592,48.707,49.741,8.317
281.5,14.194,16.733,22.698,19.238,19.901,53.055,60.535,48.627,49.756,8.353
282,14.253,16.72,22.637,19.227,19.882,53.067,60.519,48.645,49.84,8.492
282.5,14.284,16.687,22.615,19.192,19.891,53.017,60.388,48.607,49.947,8.596
283,14.271,16.703,22.587,19.123,19.859,52.867,60.247,48.478,49.963,8.673
283.5,14.283,16.683,22.559,19.041,19.79,52.677,59.981,48.305,49.862,8.679
284,14.271,16.668,22.499,18.97,19.692,52.554,59.675,48.058,49.738,8.664
284.5,14.158,16.635,22.495,18.9,19.61,52.232,59.312,47.74,49.541,8.592
285,14.027,16.576,22.447,18.825,19.468,51.875,58.876,47.307,49.307,8.46
285.5,13.887,16.507,22.424,18.72,19.354,51.403,58.456,46.92,49.081,8.399
286,13.815,16.479,22.356,18.668,19.301,51.111,58.113,46.582,49.006,8.423
286.5,13.806,16.417,22.295,18.601,19.274,50.936,57.889,46.329,49.026,8.575
287,13.766,16.374,22.189,18.545,19.263,50.747,57.582,46.176,49.067,8.705
287.5,13.826,16.396,22.088,18.455,19.234,50.461,57.18,45.864,49.048,8.746
288,13.825,16.333,21.991,18.341,19.157,50.15,56.768,45.487,48.973,8.707
288.5,13.839,16.311,21.907,18.21,19.073,49.782,56.232,44.995,48.825,8.624
289,13.844,16.255,21.833,18.143,18.978,49.386,55.711,44.469,48.558,8.465
289.5,13.729,16.214,21.779,18.1,18.936,48.882,55.239,43.898,48.34,8.319
290,13.604,16.11,21.678,18.055,18.825,48.436,54.689,43.352,48.142,8.21
290.5,13.492,15.968,21.637,17.988,18.796,48.086,54.187,42.929,48.037,8.243
291,13.402,15.836,21.595,17.96,18.756,47.808,53.832,42.568,47.964,8.368
291.5,13.369,15.768,21.562,17.908,18.724,47.539,53.397,42.207,47.911,8.512
292,13.304,15.73,21.485,17.872,18.684,47.2,52.874,41.863,47.818,8.588
292.5,13.283,15.724,21.369,17.799,18.621,46.765,52.271,41.354,47.673,8.574
293,13.151,15.683,21.254,17.712,18.517,46.272,51.62,40.751,47.481,8.479
293.5,13.126,15.736,21.192,17.586,18.454,45.796,50.944,40.21,47.25,8.374
294,13.098,15.754,21.116,17.486,18.345,45.283,50.324,39.667,46.959,8.211
294.5,13.051,15.813,20.982,17.391,18.275,44.84,49.822,39.211,46.781,8.138
295,13.011,15.813,20.873,17.295,18.152,44.351,49.273,38.756,46.528,8.035
295.5,12.979,15.714,20.803,17.195,18.084,44.021,48.832,38.424,46.344,7.969
296,12.941,15.622,20.74,17.116,17.969,43.597,48.514,38.077,46.115,7.925
296.5,12.97,15.594,20.675,17.082,17.859,43.258,48.206,37.821,46.005,7.888
297,12.963,15.515,20.593,17.072,17.767,42.979,47.937,37.57,45.917,7.875
297.5,12.904,15.421,20.569,17.079,17.713,42.762,47.75,37.41,45.892,7.904
298,12.886,15.401,20.559,17.069,17.677,42.612,47.567,37.251,45.874,7.923
298.5,12.902,15.371,20.503,17.006,17.621,42.473,47.368,37.155,45.852,7.975
299,12.889,15.334,20.418,16.949,17.538,42.295,47.147,37.008,45.873,8.017
299.5,12.824,15.306,20.368,16.92,17.509,42.141,46.892,36.807,45.883,08.05
300,12.879,15.348,20.308,16.86,17.453,41.835,46.562,36.575,45.771,7.982
300.5,12.862,15.321,20.234,16.771,17.381,41.532,46.211,36.312,45.624,7.872
301,12.852,15.309,20.208,16.696,17.314,41.213,45.894,35.987,45.494,7.764
301.5,12.893,15.307,20.132,16.647,17.313,41.053,45.697,35.774,45.416,7.671
302,12.865,15.262,20.123,16.599,17.351,40.987,45.499,35.619,45.38,7.682
302.5,12.812,15.201,20.204,16.604,17.376,41.003,45.49,35.672,45.411,7.784
303,12.792,15.16,20.258,16.629,17.44,41.137,45.543,35.692,45.452,7.857
303.5,12.652,15.07,20.299,16.669,17.471,41.133,45.537,35.702,45.458,7.928
304,12.564,15.031,20.368,16.73,17.491,41.107,45.488,35.699,45.482,08.01
304.5,12.531,15.011,20.36,16.721,17.453,40.954,45.248,35.509,45.414,7.974
305,12.681,15.118,20.275,16.638,17.34,40.612,44.922,35.228,45.233,7.84
305.5,12.742,15.199,20.214,16.566,17.192,40.253,44.609,34.928,45.067,7.718
306,12.828,15.254,20.194,16.508,17.118,40.009,44.359,34.709,44.93,7.65
306.5,12.886,15.237,20.131,16.456,17.087,39.809,44.16,34.533,44.814,7.561
307,12.908,15.244,20.119,16.412,17.059,39.592,43.889,34.413,44.768,7.519
307.5,12.854,15.202,20.144,16.414,17.049,39.467,43.766,34.33,44.757,7.535
308,12.773,15.152,20.184,16.442,17.08,39.493,43.761,34.278,44.778,7.55
308.5,12.69,15.136,20.251,16.476,17.079,39.411,43.694,34.219,44.75,7.559
309,12.681,15.197,20.276,16.474,17.064,39.288,43.584,34.133,44.717,7.576
309.5,12.689,15.253,20.158,16.401,17.025,39.061,43.35,33.921,44.654,7.494
310,12.688,15.28,20.15,16.363,16.986,38.826,43.113,33.746,44.595,7.45
310.5,12.705,15.336,20.158,16.308,16.934,38.594,42.88,33.631,44.567,7.431
311,12.752,15.378,20.171,16.249,16.912,38.477,42.671,33.557,44.517,7.393
311.5,12.768,15.351,20.179,16.287,16.966,38.366,42.515,33.53,44.53,7.407
312,12.785,15.388,20.223,16.334,17.029,38.365,42.418,33.565,44.596,7.493
312.5,12.759,15.392,20.304,16.393,17.122,38.428,42.421,33.58,44.615,7.566
313,12.807,15.452,20.374,16.429,17.136,38.451,42.457,33.486,44.589,7.601
313.5,12.902,15.558,20.417,16.419,17.117,38.414,42.423,33.421,44.492,7.599
314,12.935,15.671,20.429,16.435,17.15,38.395,42.471,33.362,44.422,7.638
314.5,12.966,15.711,20.348,16.44,17.169,38.281,42.469,33.3,44.39,7.648
315,13.005,15.657,20.423,16.475,17.158,38.172,42.401,33.26,44.4,7.684
315.5,13.045,15.655,20.465,16.478,17.138,38.075,42.264,33.203,44.408,7.733
316,13.049,15.575,20.5,16.511,17.155,38.081,42.14,33.237,44.481,7.784
316.5,13.01,15.582,20.512,16.596,17.227,38.002,42.01,33.264,44.577,7.864
317,13.075,15.703,20.497,16.666,17.25,37.915,41.842,33.218,44.568,7.856
317.5,13.129,15.811,20.49,16.7,17.262,37.754,41.61,33.095,44.506,7.743
318,13.244,15.908,20.46,16.632,17.203,37.516,41.342,32.866,44.457,7.594
318.5,13.295,15.971,20.419,16.585,17.132,37.234,41.043,32.753,44.373,7.468
319,13.343,16.026,20.394,16.61,17.118,37.074,40.95,32.702,44.341,7.462
319.5,13.391,15.963,20.355,16.619,17.085,36.858,40.823,32.544,44.341,7.433
320,13.431,15.882,20.45,16.636,17.094,36.705,40.748,32.399,44.414,7.473
320.5,13.405,15.847,20.52,16.657,17.126,36.747,40.662,32.2,44.425,7.537
321,13.442,15.824,20.582,16.659,17.136,36.763,40.643,32.114,44.461,7.612
321.5,13.372,15.93,20.602,16.646,17.136,36.64,40.511,31.856,44.346,7.59
322,13.381,16.038,20.618,16.668,17.103,36.525,40.314,31.561,44.144,7.535
322.5,13.34,16.055,20.64,16.636,17.116,36.405,40.082,31.321,43.981,7.44
323,13.231,16.001,20.68,16.643,17.16,36.387,39.955,31.201,43.921,7.438
323.5,13.128,15.902,20.677,16.722,17.146,36.291,39.739,31.218,43.792,7.453
324,13.055,15.754,20.636,16.725,17.147,36.151,39.517,31.216,43.707,7.505
324.5,12.965,15.577,20.613,16.66,17.126,35.85,39.24,31.05,43.584,7.5
325,12.936,15.525,20.569,16.609,17.149,35.566,39.048,30.972,43.555,7.528
325.5,12.909,15.521,20.514,16.578,17.102,35.43,38.778,30.874,43.498,7.553
326,12.939,15.53,20.411,16.467,16.988,35.152,38.608,30.849,43.463,7.549
326.5,12.915,15.561,20.347,16.328,16.916,34.883,38.4,30.705,43.413,7.551
327,12.974,15.535,20.309,16.276,16.848,34.729,38.263,30.56,43.432,7.624
327.5,12.96,15.496,20.27,16.206,16.863,34.641,38.137,30.369,43.469,7.672
328,12.918,15.42,20.252,16.215,16.855,34.684,37.995,30.177,43.513,7.749
328.5,12.873,15.256,20.126,16.204,16.792,34.535,37.724,29.937,43.452,7.775
329,12.78,15.08,19.966,16.169,16.791,34.249,37.357,29.593,43.359,7.736
329.5,12.658,14.929,19.944,16.09,16.749,33.905,37.02,29.303,43.234,7.707
330,12.603,14.88,19.87,16.05,16.697,33.601,36.687,29.096,43.17,7.659
330.5,12.465,14.849,19.768,15.999,16.557,33.256,36.282,28.894,42.99,7.575
331,12.355,14.735,19.68,15.945,16.423,32.926,35.928,28.714,42.796,7.459
331.5,12.322,14.716,19.623,15.799,16.319,32.609,35.664,28.517,42.621,7.399
332,12.313,14.723,19.556,15.685,16.211,32.294,35.327,28.217,42.488,7.371
332.5,12.285,14.772,19.463,15.523,16.075,31.959,34.866,27.821,42.319,7.318
333,12.367,14.856,19.287,15.331,15.898,31.473,34.327,27.312,42.127,7.24
333.5,12.294,14.788,19.117,15.21,15.787,30.972,33.935,26.922,41.944,7.282
334,12.247,14.759,18.952,15.12,15.771,30.523,33.521,26.546,41.806,7.272
334.5,12.133,14.617,18.897,15.038,15.64,30.151,33.136,26.23,41.667,7.315
335,12.046,14.534,18.763,14.921,15.507,29.88,32.764,25.89,41.59,7.307
335.5,11.945,14.427,18.584,14.829,15.331,29.588,32.398,25.614,41.418,7.294
336,11.901,14.261,18.422,14.745,15.204,29.263,32.035,25.303,41.318,7.253
336.5,11.814,14.18,18.258,14.613,15.09,28.983,31.775,25.027,41.217,7.234
337,11.728,14.045,18.048,14.47,14.912,28.601,31.299,24.644,41.079,7.149
337.5,11.607,13.916,17.885,14.334,14.761,28.204,30.81,24.238,40.957,07.09
338,11.57,13.857,17.668,14.144,14.613,27.735,30.362,23.777,40.778,7.041
338.5,11.35,13.621,17.526,14.052,14.567,27.459,30.109,23.562,40.679,7.091
339,11.196,13.49,17.368,13.947,14.532,27.173,29.796,23.396,40.566,7.12
339.5,11.007,13.242,17.25,13.851,14.439,26.942,29.54,23.188,40.47,7.173
340,10.822,13.077,17.112,13.667,14.302,26.748,29.312,22.972,40.423,7.209
340.5,10.763,12.96,16.977,13.538,14.171,26.451,29.04,22.769,40.321,7.235
341,10.76,12.904,16.803,13.397,14.033,26.063,28.747,22.42,40.226,7.229
341.5,10.61,12.762,16.655,13.285,13.866,25.722,28.427,22.072,40.138,7.246
342,10.513,12.636,16.494,13.154,13.663,25.301,28.081,21.742,40.032,7.205
342.5,10.358,12.55,16.408,13.064,13.556,24.924,27.661,21.381,39.905,7.214
343,10.259,12.439,16.253,12.948,13.416,24.583,27.185,20.981,39.692,7.199
343.5,10.033,12.278,16.101,12.845,13.331,24.2,26.764,20.672,39.506,7.179
344,9.84,12.132,15.965,12.784,13.268,23.953,26.407,20.5,39.383,7.225
344.5,9.703,11.935,15.814,12.703,13.19,23.766,26.081,20.289,39.326,7.285
345,9.575,11.786,15.646,12.561,13.017,23.567,25.764,20.023,39.222,7.333
345.5,9.565,11.656,15.454,12.395,12.878,23.249,25.382,19.718,39.07,7.351
346,9.504,11.532,15.251,12.215,12.716,23.065,25.124,19.477,38.994,7.445
346.5,9.339,11.341,15.022,12.036,12.501,22.74,24.818,19.21,38.942,7.475
347,9.283,11.234,14.8,11.874,12.288,22.395,24.483,18.973,38.787,7.454
347.5,9.216,11.063,14.604,11.692,12.144,22.043,23.993,18.661,38.585,7.444
348,9.141,10.878,14.36,11.526,11.995,21.604,23.494,18.278,38.308,7.368
348.5,9.036,10.698,14.188,11.373,11.874,21.092,23.08,17.929,38.045,7.278
349,8.912,10.506,14.07,11.297,11.795,20.728,22.803,17.65,37.912,7.235
349.5,8.792,10.344,13.936,11.176,11.677,20.428,22.5,17.316,37.824,7.237
350,8.68,10.257,13.777,11.05,11.565,20.201,22.267,16.998,37.708,7.196
350.5,8.615,10.134,13.64,10.899,11.478,19.942,22.032,16.704,37.635,7.182
351,8.422,10.047,13.485,10.743,11.302,19.724,21.805,16.4,37.565,7.17
351.5,8.277,9.962,13.296,10.59,11.116,19.384,21.478,16.017,37.516,7.14
352,8.224,9.846,13.114,10.466,10.943,19.139,21.167,15.702,37.405,7.089
352.5,8.127,9.73,12.906,10.317,10.82,18.854,20.751,15.319,37.253,7.054
353,8.055,9.653,12.646,10.131,10.656,18.536,20.334,15.005,37.037,6.999
353.5,7.943,9.457,12.482,9.973,10.531,18.242,19.989,14.826,36.881,6.986
354,7.79,9.241,12.315,9.888,10.395,18.11,19.811,14.747,36.778,7.024
354.5,7.566,9.067,12.145,9.78,10.325,17.999,19.562,14.59,36.736,7.094
355,7.367,8.932,11.994,9.723,10.292,17.894,19.385,14.557,36.674,7.163
355.5,7.302,8.834,11.833,9.593,10.127,17.604,19.011,14.316,36.535,7.14
356,7.179,8.734,11.685,9.476,9.964,17.234,18.697,14.093,36.37,7.123
356.5,7.128,8.676,11.578,9.354,9.856,16.884,18.423,13.851,36.29,7.187
357,7.114,8.586,11.417,9.214,9.729,16.603,18.205,13.644,36.257,7.213
357.5,7.054,8.488,11.244,9.064,9.631,16.337,17.971,13.458,36.205,7.229
358,7.033,8.411,11.082,8.918,9.573,16.18,17.844,13.383,36.172,7.305
358.5,6.997,8.217,10.937,8.805,9.51,16.065,17.783,13.349,36.119,7.347
359,6.914,8.007,10.813,8.765,9.473,16.116,17.812,13.314,36.141,7.408
359.5,6.745,7.854,10.7,8.716,9.502,16.061,17.681,13.107,36.176,7.4
360,6.651,7.723,10.605,8.708,9.464,15.925,17.442,12.825,36.092,7.327
360.5,6.639,7.699,10.502,8.63,9.317,15.637,17.086,12.479,35.871,7.212
361,6.56,7.601,10.401,8.571,9.226,15.46,16.814,12.189,35.673,7.119
361.5,6.475,7.537,10.287,8.483,9.115,15.242,16.502,11.938,35.548,7.101
362,6.372,7.393,10.114,8.364,9.023,15.022,16.265,11.738,35.469,7.081
362.5,6.274,7.234,9.949,8.259,8.905,14.877,16.088,11.658,35.428,7.132
363,6.174,7.082,9.801,8.147,8.78,14.688,15.926,11.603,35.415,7.199
363.5,6.148,6.987,9.645,7.988,8.638,14.438,15.753,11.491,35.393,7.186
364,6.057,6.881,9.534,7.92,8.573,14.283,15.654,11.422,35.433,7.229
364.5,5.963,6.786,9.419,7.864,8.486,14.149,15.444,11.281,35.503,7.239
365,5.867,6.729,9.321,7.816,8.373,13.934,15.16,11.061,35.411,7.177
365.5,5.867,6.711,9.269,7.746,8.291,13.797,14.957,10.922,35.243,7.147
366,5.818,6.669,9.142,7.662,8.221,13.673,14.808,10.791,35.094,7.088
366.5,5.737,6.563,9.027,7.585,8.148,13.488,14.699,10.707,35.034,7.085
367,5.675,6.458,8.923,7.516,8.133,13.399,14.707,10.634,34.996,7.102
367.5,5.608,6.42,8.814,7.427,8.013,13.242,14.562,10.39,34.923,7.098
368,5.578,6.374,8.679,7.26,7.848,12.974,14.289,10.146,34.817,7.005
368.5,5.591,6.374,8.556,7.083,7.736,12.808,14.155,9.966,34.78,6.991
369,5.499,6.268,8.479,7.001,7.699,12.789,14.065,9.965,34.81,7.116
369.5,5.392,6.135,8.379,6.916,7.657,12.737,13.887,9.921,34.912,7.169
370,5.261,6.021,8.254,6.852,7.585,12.626,13.637,9.789,34.845,7.182
370.5,5.235,5.878,8.158,6.807,7.498,12.498,13.43,9.669,34.775,7.22
371,5.164,5.741,8.027,6.794,7.416,12.344,13.24,9.557,34.667,7.21
371.5,5.059,5.571,7.993,6.816,7.369,12.24,13.131,9.49,34.606,7.201
372,4.999,5.473,7.934,6.867,7.328,12.198,13.108,9.433,34.595,7.198
372.5,4.952,5.447,7.829,6.87,7.291,12.048,12.859,9.114,34.507,7.119
373,5.069,5.489,7.664,6.742,7.163,11.774,12.545,8.863,34.324,6.991
373.5,5.181,5.454,7.535,6.629,7.132,11.637,12.449,8.757,34.295,6.981
374,5.175,5.365,7.408,6.549,7.122,11.591,12.405,8.784,34.279,6.99
374.5,5.091,5.342,7.287,6.48,7.122,11.468,12.287,8.731,34.27,6.982
375,5.025,5.301,7.142,6.354,7.024,11.227,12.077,8.507,34.133,6.918
375.5,4.978,5.202,7.008,6.245,6.934,10.967,11.871,8.319,34.054,6.891
376,4.872,5.123,6.877,6.145,6.826,10.777,11.649,8.115,33.857,6.801
376.5,4.778,5.059,6.836,6.087,6.743,10.684,11.58,8.049,33.776,6.78
377,4.614,4.939,6.787,6.078,6.672,10.505,11.541,7.918,33.759,6.77
377.5,4.578,4.919,6.734,6.065,6.652,10.454,11.433,7.859,33.781,6.809
378,4.604,4.877,6.666,6.028,6.627,10.319,11.376,7.856,33.781,6.88
378.5,4.625,4.801,6.616,6.003,6.639,10.309,11.398,7.92,33.837,6.945
379,4.576,4.716,6.55,5.998,6.604,10.375,11.445,7.984,33.865,7.063
379.5,4.485,4.725,6.516,5.984,6.603,10.496,11.439,8.087,33.945,7.21
380,4.418,4.679,6.434,5.899,6.531,10.47,11.341,8.094,33.964,7.257
380.5,4.321,4.57,6.345,5.83,6.505,10.434,11.216,8.071,33.951,7.301
381,4.24,4.473,6.29,5.828,6.472,10.368,11.154,8.034,33.896,7.326
381.5,4.224,4.364,6.212,5.752,6.399,10.272,11.045,7.911,33.885,7.289
382,4.1,4.21,6.156,5.691,6.314,9.997,10.854,7.577,33.8,7.138
382.5,04.06,4.174,06.07,5.624,6.231,9.802,10.671,7.446,33.716,7.015
383,3.968,4.058,5.978,5.578,6.221,9.668,10.542,7.285,33.672,6.946
383.5,3.949,4.005,5.895,5.525,6.194,9.599,10.432,7.15,33.553,6.874
384,3.975,3.979,5.816,5.477,6.184,9.596,10.395,7.143,33.497,6.865
384.5,4.012,4.003,5.738,5.463,6.168,9.662,10.44,7.175,33.527,6.926
385,04.05,4.026,5.66,5.414,6.153,9.761,10.457,7.255,33.503,7
385.5,4.019,3.937,5.659,5.426,6.161,9.84,10.452,7.309,33.462,7.156
386,4.037,3.891,5.675,5.458,6.148,9.883,10.453,7.39,33.479,7.268
386.5,4.018,3.84,5.606,5.374,6.061,9.85,10.347,7.287,33.475,7.338
387,3.948,3.84,5.486,5.288,5.892,9.65,10.125,7.023,33.41,7.287
387.5,3.914,3.852,5.351,5.197,5.76,9.373,9.898,6.802,33.291,7.207
388,3.86,3.771,5.256,5.154,5.706,9.216,9.797,6.663,33.266,7.141
388.5,3.848,3.734,5.14,5.068,5.627,9.052,9.651,6.562,33.205,7.053
389,3.819,3.702,5.024,5.026,5.606,8.94,9.634,6.521,33.201,6.984
389.5,3.814,3.649,4.935,4.99,5.584,8.887,9.556,6.391,33.139,6.904
390,3.781,3.56,4.898,4.965,5.642,8.925,9.547,6.426,33.099,6.877
390.5,3.7,3.447,4.923,4.97,5.681,8.966,9.545,6.465,33.12,6.887
391,3.59,3.399,4.938,5.002,5.694,8.993,9.54,6.516,33.116,6.866
391.5,3.456,3.293,4.921,4.984,5.658,09.02,9.505,6.522,33.074,6.881
392,3.41,3.287,4.872,4.966,5.572,8.961,9.456,6.512,33.023,6.896
392.5,3.391,3.299,4.786,4.917,5.529,8.849,9.455,6.483,32.987,6.911
393,3.396,3.275,4.718,4.83,5.471,8.732,9.39,6.43,32.928,6.898
393.5,3.402,3.289,4.612,4.674,5.348,8.609,9.198,6.321,32.889,6.894
394,3.409,3.3,4.519,4.588,5.286,8.429,9.038,6.167,32.861,6.928
394.5,3.439,3.254,4.426,4.498,5.221,8.314,8.845,5.995,32.746,6.936
395,3.384,3.158,4.358,4.464,5.182,8.264,8.786,5.947,32.746,6.969
395.5,3.388,3.164,4.288,4.4,5.136,8.203,8.743,5.86,32.732,6.947
396,3.397,3.163,4.23,4.375,5.059,8.086,8.638,5.717,32.659,6.894
396.5,3.377,3.103,4.206,4.361,5.004,08.08,8.602,5.649,32.589,6.876
397,3.362,3.126,4.173,4.364,4.958,8.078,8.592,5.672,32.559,6.87
397.5,3.332,3.149,4.11,4.326,4.931,8.032,8.564,5.663,32.575,6.842
398,3.269,3.121,4.078,4.28,4.915,7.908,8.481,5.665,32.533,6.815
398.5,3.256,3.138,4.025,4.234,4.876,7.864,8.349,5.66,32.553,6.794
399,3.234,3.045,4.022,4.263,4.908,7.863,8.27,5.631,32.618,6.816
399.5,3.147,2.926,3.996,4.252,4.897,7.822,8.233,5.597,32.623,6.835
400,3.012,2.799,3.986,4.258,4.86,7.806,8.189,5.559,32.599,6.82
400.5,2.95,2.734,3.983,4.238,4.839,7.784,8.223,5.56,32.563,6.792
401,2.909,2.662,3.989,4.224,4.792,7.773,8.215,5.511,32.506,6.802
401.5,2.86,2.577,3.964,4.152,4.738,7.796,8.195,5.437,32.438,6.827
402,2.769,2.518,3.932,4.103,4.679,7.741,8.151,5.404,32.393,6.806
402.5,2.716,2.495,3.848,4.009,4.602,7.631,8.065,5.317,32.347,6.755
403,2.663,2.474,3.808,3.975,4.582,7.581,8.049,5.32,32.304,6.778
403.5,2.716,2.506,3.716,3.943,4.531,7.54,7.94,5.201,32.21,6.748
404,2.724,2.479,3.687,3.949,4.538,7.59,7.945,5.176,32.223,6.792
404.5,2.668,2.461,3.636,3.926,4.527,7.564,7.942,5.168,32.204,6.804
405,2.607,2.47,3.606,3.938,4.5,7.513,7.881,5.179,32.165,6.778
405.5,2.584,2.479,3.584,3.905,4.454,7.446,7.866,5.243,32.161,6.784
406,2.576,2.469,3.542,3.852,4.405,7.355,7.764,5.284,32.214,6.867
406.5,2.566,2.433,3.482,3.771,4.353,7.261,7.654,5.248,32.316,6.918
407,2.493,2.387,3.453,3.773,4.347,7.236,7.573,5.255,32.461,6.966
407.5,2.472,2.355,3.41,3.734,4.35,7.225,7.549,5.279,32.575,7
408,2.468,2.306,3.438,3.746,4.378,7.222,7.563,5.302,32.642,07.03
408.5,2.451,2.24,3.471,3.792,4.407,7.215,7.535,5.26,32.635,6.988
409,2.397,2.145,3.49,3.785,4.41,7.218,7.58,5.268,32.626,6.955
409.5,2.291,2.035,3.509,3.761,4.407,7.236,7.58,5.239,32.569,6.903
410,2.252,2.016,3.535,3.734,4.371,7.205,7.571,5.202,32.482,6.849
410.5,2.26,2.001,3.512,3.671,4.302,7.143,7.536,5.123,32.409,6.839
411,2.27,2.028,3.462,3.598,4.187,7.017,7.415,4.968,32.358,6.84
411.5,2.3,2.044,3.395,3.535,4.1,6.94,7.34,4.834,32.334,6.845
412,2.293,2.067,3.342,3.495,04.05,6.94,7.306,4.758,32.393,6.907
412.5,2.335,2.092,3.247,3.437,3.994,6.903,7.278,4.737,32.421,6.949
413,2.353,2.122,3.209,3.406,3.968,6.835,7.236,4.747,32.43,6.982
413.5,2.307,2.1,3.201,3.423,3.993,6.894,7.257,4.874,32.472,6.987
414,2.235,2.041,3.148,3.376,3.947,6.851,7.24,4.897,32.406,6.963
414.5,2.152,2.002,3.121,3.329,3.916,6.854,7.2,4.885,32.365,6.966
415,2.152,2.022,03.08,3.288,3.869,6.825,7.165,4.818,32.312,6.947
415.5,2.135,2.011,3.043,3.262,3.82,6.815,7.133,4.714,32.256,6.907
416,2.079,1.968,3.051,3.238,3.751,6.778,7.114,4.604,32.197,6.829
416.5,2.043,1.952,3.025,3.178,3.701,6.716,7.061,4.492,32.094,6.745
417,02.03,1.951,2.992,3.129,3.679,6.62,6.995,4.378,32.006,6.665
417.5,2.026,1.92,2.964,3.079,3.647,6.504,6.86,4.267,31.943,6.582
418,1.982,1.875,2.97,3.069,3.657,6.459,6.825,4.28,31.928,6.528
418.5,1.94,1.836,2.95,03.04,3.664,6.466,6.857,4.359,31.967,6.517
419,1.863,1.753,2.942,3.017,3.615,6.447,6.874,4.392,31.95,6.518
419.5,1.859,1.707,2.914,2.983,3.562,6.374,6.856,4.416,31.969,6.563
420,1.904,1.72,2.874,2.955,3.511,6.298,6.846,4.458,31.973,6.611
420.5,1.908,1.706,2.875,2.965,3.474,6.351,6.887,4.511,31.975,6.708
421,1.892,1.673,2.9,2.988,3.467,6.386,6.93,4.586,31.983,6.78
421.5,1.864,1.685,2.898,2.972,3.472,6.346,6.904,4.603,31.995,6.846
422,1.852,1.658,2.881,2.973,3.456,6.286,6.801,4.589,31.921,6.845
422.5,1.829,1.64,2.866,2.95,3.431,6.219,6.671,4.517,31.889,6.843
423,1.783,1.65,2.826,2.901,3.407,6.136,6.532,4.436,31.854,6.783
423.5,1.725,1.635,2.801,2.848,3.378,6.106,6.48,4.371,31.84,6.732
424,1.682,1.618,2.799,2.82,3.356,6.203,6.494,4.334,31.811,6.707
424.5,1.63,1.588,2.786,2.797,3.354,6.285,6.554,4.366,31.818,6.712
425,1.626,1.606,2.776,2.779,3.351,6.382,6.67,4.393,31.857,6.725
425.5,1.677,1.663,2.737,2.738,3.332,6.482,6.751,4.403,31.935,6.785
426,1.719,1.664,2.713,2.716,3.317,6.534,6.78,4.461,32.053,6.853
426.5,1.68,1.6,2.705,2.709,3.315,6.574,6.842,4.576,32.152,6.948
427,1.65,1.529,2.674,2.687,3.279,6.541,6.848,4.63,32.165,7.015
427.5,1.664,1.526,2.636,2.632,3.217,6.435,6.83,4.652,32.196,7.089
428,1.651,1.539,2.62,2.622,3.189,6.335,6.798,4.706,32.252,7.155
428.5,1.585,1.504,2.594,2.613,3.148,6.3,6.766,4.671,32.317,7.225
429,1.512,1.487,2.568,2.591,3.101,6.293,6.664,4.591,32.326,7.263
429.5,1.452,1.452,2.507,2.563,3.072,6.228,6.591,4.505,32.32,7.241
430,1.396,1.449,2.506,2.556,3.047,6.189,6.557,4.432,32.349,7.211
430.5,1.394,1.46,2.443,2.557,3.025,6.158,6.466,4.368,32.38,7.149
431,1.36,1.426,2.427,2.545,3.027,6.181,6.407,4.32,32.391,07.08
431.5,1.306,1.388,2.418,2.544,3.074,6.225,6.383,4.319,32.315,6.993
432,1.315,1.367,2.42,2.529,3.078,6.213,6.398,4.291,32.248,6.917
432.5,1.331,1.379,2.431,2.492,3.046,6.181,6.408,4.265,32.19,6.826
433,1.319,1.358,2.414,2.466,3.028,6.103,6.389,4.212,32.139,6.768
433.5,1.301,1.325,2.373,2.384,2.947,6.023,6.295,4.137,32.12,6.773
434,1.306,1.336,2.312,2.282,2.813,5.88,6.094,3.962,32.074,6.688
434.5,1.371,1.386,2.225,2.171,2.678,5.706,5.961,3.806,31.989,6.585
435,1.386,1.408,2.195,2.136,2.607,5.635,5.939,3.728,31.996,6.553
435.5,1.416,1.424,2.124,2.096,2.534,5.552,5.88,3.655,31.981,6.525
436,1.447,1.438,2.096,2.059,2.508,5.51,5.827,3.626,31.915,6.518
436.5,1.425,1.431,2.101,2.052,2.543,5.516,5.808,3.716,31.883,6.507
437,1.425,1.393,2.164,2.093,2.588,5.56,5.858,3.829,31.848,6.567
437.5,1.354,1.35,2.206,2.14,2.62,5.611,5.89,3.96,31.825,6.62
438,1.274,1.276,2.24,2.156,2.665,5.676,5.941,4.071,31.853,6.703
438.5,1.228,1.228,2.25,2.132,2.656,5.716,5.913,4.165,31.878,6.762
439,1.181,1.182,2.239,2.098,2.623,5.731,5.825,4.085,31.855,6.71
439.5,1.206,1.195,2.217,2.031,2.563,5.654,5.778,3.943,31.81,6.673
440,1.236,1.188,2.214,2.004,2.54,5.589,5.775,3.819,31.818,6.665
440.5,1.224,1.158,2.186,1.989,2.534,5.542,5.77,3.735,31.821,6.699
441,1.218,1.14,2.202,1.99,2.544,5.557,5.855,3.775,31.797,6.752
441.5,1.168,1.122,2.186,1.966,2.54,5.561,5.925,3.813,31.822,6.782
442,1.14,1.081,2.2,1.993,2.566,5.583,6.024,3.896,31.85,6.864
442.5,1.101,1.045,2.206,02.07,2.604,5.729,6.144,04.05,31.924,6.922
443,1.105,1.051,2.206,2.11,2.637,5.873,6.301,4.201,32.038,6.978
443.5,1.11,01.08,2.152,2.087,2.582,5.875,6.259,4.263,32.066,6.954
444,1.089,1.099,2.073,1.992,2.489,5.771,6.089,4.085,32.035,6.87
444.5,1.096,1.129,1.998,1.884,2.353,5.542,5.845,3.862,31.982,6.792
445,1.11,1.172,1.934,1.784,2.255,5.333,5.619,3.709,31.913,6.664
445.5,1.12,1.228,1.856,1.715,2.188,5.244,5.489,3.614,31.86,6.603
446,1.12,1.224,1.845,1.675,2.177,5.265,5.555,3.692,31.861,6.629
446.5,1.134,1.226,1.791,1.625,2.151,5.23,5.57,3.764,31.863,6.651
447,1.175,1.203,1.779,1.604,2.126,5.26,5.642,3.835,31.826,6.681
447.5,1.216,1.161,1.782,1.629,2.14,5.368,5.755,3.922,31.808,6.699
448,1.192,1.105,1.842,1.698,2.216,5.546,5.947,4.105,31.882,6.809
448.5,1.159,1.083,1.869,1.741,2.244,5.654,06.05,4.215,31.929,6.881
449,1.123,1.073,1.887,1.743,2.25,5.618,5.967,4.112,31.974,6.899
449.5,1.077,1.049,1.892,1.732,2.229,5.516,5.815,3.96,31.999,6.88
450,1.041,1.049,1.869,1.685,2.189,5.379,5.643,3.798,32.014,6.823
450.5,998,01.05,1.875,1.708,2.188,5.414,5.623,3.758,32.062,6.863
451,0.95,986,1.897,1.722,2.203,5.458,5.663,3.793,32.128,6.932
451.5,928,0.95,1.868,1.692,2.168,5.449,5.661,3.804,32.15,6.951
452,912,937,1.81,1.627,2.059,5.434,5.622,3.726,32.015,6.914
452.5,896,902,1.724,1.542,1.963,5.304,5.528,3.607,31.848,6.828
453,842,879,1.715,1.536,1.947,5.335,5.525,3.595,31.732,6.813
453.5,846,887,1.701,1.505,1.924,5.331,5.54,3.557,31.639,6.737
454,868,936,1.693,1.472,1.891,5.261,5.464,3.472,31.588,6.653
454.5,849,941,1.724,1.462,1.881,5.213,5.432,3.401,31.563,6.617
455,0.79,945,1.75,1.454,1.854,5.18,5.425,3.389,31.577,6.622
455.5,739,896,1.774,1.472,1.862,5.248,5.477,3.412,31.594,6.641
456,659,823,1.802,1.456,1.87,5.279,5.484,3.445,31.618,6.631
456.5,0.58,768,1.789,1.445,1.86,5.272,5.477,3.493,31.619,6.61
457,563,739,1.74,1.416,1.829,5.24,5.406,3.46,31.497,6.576
457.5,568,0.73,1.663,1.346,1.779,5.104,5.248,3.323,31.344,6.485
458,601,735,1.63,1.356,1.781,5.028,5.172,3.226,31.202,6.416
458.5,671,771,1.63,1.344,1.768,4.958,5.122,3.161,31.117,6.34
459,757,824,1.617,1.324,1.736,4.916,5.108,3.138,31.097,6.328
459.5,801,0.86,1.647,1.332,1.739,4.885,5.15,3.172,31.144,6.401
460,819,912,1.629,1.284,1.701,4.826,5.174,3.187,31.211,6.428
460.5,0.86,929,1.584,1.237,1.678,4.764,5.153,3.195,31.315,6.437
461,813,884,1.566,1.223,1.684,4.745,5.137,3.243,31.403,6.426
461.5,763,861,1.559,1.21,1.674,4.713,5.082,3.284,31.462,6.399
462,736,844,1.536,1.188,1.67,4.718,5.008,3.258,31.461,6.38
462.5,721,0.8,1.513,1.167,1.668,4.693,4.937,3.191,31.475,6.378
463,708,768,1.5,1.208,1.706,4.756,4.938,3.174,31.526,6.387
463.5,717,752,1.555,1.279,1.773,4.906,5.038,3.297,31.635,6.466
464,712,751,1.591,1.337,1.814,5.015,5.119,3.332,31.72,6.575
464.5,687,727,1.629,1.365,1.881,5.134,5.243,3.407,31.81,6.706
465,0.68,725,1.617,1.355,1.897,5.158,5.299,3.401,31.848,6.74
465.5,722,737,1.587,1.346,1.856,5.106,5.295,3.39,31.866,6.73
466,0.7,727,1.569,1.333,1.828,5.083,5.302,3.391,31.78,6.688
466.5,687,719,1.606,1.327,1.808,5.093,5.31,3.429,31.724,6.633
467,736,774,1.606,1.285,1.734,5.089,5.306,3.433,31.664,6.589
467.5,822,0.82,1.571,1.209,1.667,5.006,5.244,3.391,31.605,6.561
468,932,892,1.508,1.158,1.611,4.943,5.129,3.345,31.577,6.529
468.5,979,921,1.505,1.16,1.606,4.887,5.087,3.377,31.596,6.56
469,953,0.91,1.49,1.166,1.609,4.845,5.003,3.357,31.636,6.6
469.5,893,893,1.487,1.148,1.624,4.798,4.873,3.275,31.633,6.618
470,887,898,1.449,1.125,1.594,4.652,4.72,3.098,31.579,6.572
470.5,843,881,1.375,1.076,1.512,4.509,4.566,2.905,31.507,6.503
471,804,0.84,1.394,1.086,1.528,4.522,4.565,2.845,31.466,6.513
471.5,793,806,1.434,1.108,1.545,4.596,4.627,2.836,31.493,6.545
472,788,795,1.449,1.132,1.525,4.659,4.704,2.868,31.516,6.567
472.5,804,787,1.443,1.122,1.52,4.731,4.787,2.964,31.498,6.605
473,814,762,1.415,1.134,1.533,4.779,4.899,3.102,31.524,6.641
473.5,804,0.71,1.397,1.155,1.553,4.835,5.016,3.231,31.56,6.701
474,0.73,649,1.377,1.158,1.578,4.847,5.107,3.309,31.627,6.722
474.5,0.66,631,1.374,1.149,1.563,4.736,5.007,3.213,31.574,6.655
475,642,626,1.355,1.131,1.529,4.625,4.951,3.157,31.529,6.615
475.5,564,604,1.361,1.095,1.519,4.644,4.959,3.138,31.532,6.602
476,513,558,1.434,1.162,1.601,4.723,5.037,3.169,31.603,6.636
476.5,473,534,1.504,1.237,1.652,4.81,5.045,3.159,31.677,6.66
477,465,541,1.521,1.263,1.647,4.826,4.983,3.128,31.705,6.617
477.5,447,502,1.54,1.28,1.667,4.851,4.989,3.198,31.714,6.573
478,0.46,492,1.555,1.3,1.698,4.887,5.034,3.272,31.75,6.543
478.5,547,562,1.519,1.277,1.684,4.874,5.015,3.216,31.706,6.496
479,585,583,1.478,1.218,1.639,4.73,4.921,3.062,31.603,6.394
479.5,607,579,1.465,1.203,1.608,4.58,4.803,2.952,31.428,6.287
480,0.61,568,1.458,1.187,1.566,4.545,4.792,2.962,31.274,6.266
480.5,0.59,564,1.457,1.167,1.536,4.566,4.801,2.991,31.205,6.279
481,542,538,1.506,1.253,1.606,4.64,4.845,3.004,31.19,6.314
481.5,518,526,1.497,1.285,1.635,4.64,4.739,2.908,31.153,6.265
482,557,583,1.433,1.224,1.582,4.552,4.603,2.779,31.13,6.155
482.5,571,571,1.393,1.167,1.543,4.444,4.518,2.738,31.121,6.038
483,585,607,1.343,1.101,1.49,4.357,4.392,2.637,31.08,5.945
483.5,628,0.71,1.262,985,1.394,4.261,4.323,2.582,31.056,5.935
484,0.62,728,1.205,898,1.331,4.16,4.294,2.58,31.082,6.013
484.5,605,765,1.165,847,1.292,4.055,4.315,2.648,31.104,6.121
485,0.59,789,1.134,793,1.225,4.057,4.405,2.772,31.163,6.254
485.5,0.62,812,1.107,745,1.153,04.04,4.433,2.863,31.262,6.386
486,651,848,1.116,768,1.16,4.055,4.473,2.891,31.3,6.499
486.5,703,0.86,1.149,805,1.205,4.081,4.515,2.907,31.377,6.547
487,722,841,1.194,0.86,1.261,4.147,4.587,2.954,31.455,6.583
487.5,751,832,1.22,0.89,1.296,4.138,4.518,2.906,31.418,6.553
488,757,827,1.22,932,1.32,4.105,4.37,2.822,31.337,6.544
488.5,733,819,1.201,941,1.348,4.11,4.305,2.857,31.334,6.62
489,664,763,1.164,931,1.346,4.109,4.27,2.907,31.403,6.755
489.5,629,0.78,1.112,865,1.293,4.005,4.193,2.858,31.421,6.782
490,648,792,1.025,747,1.187,3.938,4.151,2.822,31.424,6.721
490.5,654,758,935,631,1.088,3.88,4.112,2.833,31.429,6.652
491,633,709,909,586,1.039,3.906,4.206,2.873,31.457,6.643
491.5,0.63,657,0.93,0.6,1.068,4.004,4.403,2.985,31.55,6.643
492,564,573,995,693,1.132,4.148,4.587,3.157,31.669,6.675
492.5,582,0.57,01.06,744,1.196,4.268,4.664,3.24,31.741,6.679
493,0.59,612,1.104,783,1.236,4.361,4.766,3.373,31.844,6.739
493.5,571,625,1.117,835,1.273,4.464,4.869,3.476,31.98,6.831
494,563,0.66,1.131,847,1.301,4.496,4.951,3.496,32.073,6.887
494.5,563,659,1.15,862,1.305,4.426,4.93,3.339,32.024,6.829
495,559,632,1.125,846,1.309,4.392,4.855,3.159,31.95,6.721
495.5,563,578,1.081,823,1.296,4.31,4.673,2.955,31.883,6.621
496,541,0.51,1.092,847,1.298,4.233,4.502,2.705,31.837,6.575
496.5,526,479,1.109,875,1.3,4.083,4.296,2.477,31.743,6.479
497,467,416,1.138,889,1.296,3.941,4.034,2.317,31.676,6.434
497.5,487,388,1.165,864,1.274,3.866,3.848,2.186,31.584,6.371
498,487,447,1.185,824,1.213,3.738,3.647,2.104,31.49,6.32
498.5,546,529,1.129,802,1.147,3.58,3.46,1.991,31.364,6.232
499,563,581,1.147,789,1.138,3.568,3.482,2.043,31.25,6.198
499.5,566,533,1.167,827,1.134,3.574,3.554,2.084,31.16,6.174
500,588,527,1.108,792,1.105,3.592,3.631,2.131,31.142,6.116
500.5,633,0.56,1.059,777,1.11,3.668,3.709,2.211,31.215,6.145
501,681,596,1.019,764,1.093,3.719,3.76,2.216,31.297,6.175
501.5,708,609,991,0.76,01.09,3.721,3.762,2.254,31.376,6.232
502,711,0.59,952,737,1.093,3.717,3.781,2.307,31.476,6.338
502.5,0.69,557,0.87,646,1.059,3.636,3.724,2.227,31.506,6.401
503,651,564,833,0.58,999,3.522,3.597,2.143,31.504,6.462
503.5,659,0.58,0.79,585,976,3.442,3.506,2.076,31.459,6.481
504,585,551,842,634,1.014,3.556,3.635,2.141,31.448,6.55
504.5,503,485,869,665,01.05,3.564,3.616,2.102,31.387,6.577
505,451,479,875,682,1.051,3.53,3.608,02.06,31.332,6.499
505.5,358,404,912,711,1.099,3.494,3.53,1.98,31.3,6.47
506,352,403,923,707,1.107,3.418,3.382,1.84,31.289,6.349
506.5,378,362,906,707,1.096,3.303,3.269,1.685,31.22,6.22
507,383,341,869,658,1.056,3.174,3.184,1.496,31.135,6.059
507.5,391,302,796,554,1.001,3.062,3.102,1.373,31.07,5.951
508,431,303,764,522,929,3.048,3.127,1.315,31.073,5.912
508.5,0.51,0.34,759,575,935,3.151,3.194,1.388,31.126,5.909
509,519,335,795,628,959,3.304,3.362,1.505,31.211,5.941
509.5,477,312,806,646,979,3.414,3.435,1.653,31.263,6.056
510,445,301,868,738,1.074,3.47,3.565,1.867,31.366,6.154
510.5,417,256,936,806,1.16,3.484,3.556,2.001,31.429,6.267
511,0.4,309,987,845,1.209,3.435,3.537,2.097,31.464,6.343
511.5,388,349,996,844,1.207,3.374,3.489,2.075,31.405,6.392
512,329,346,1.043,866,1.231,3.363,3.464,2.056,31.378,6.469
512.5,353,393,1.055,861,1.285,3.42,3.424,2.091,31.409,6.547
513,384,0.42,1.072,844,1.283,3.461,3.393,2.054,31.467,6.581
513.5,411,473,1.091,854,1.324,3.495,3.42,2.102,31.552,6.614
514,384,441,1.142,852,1.365,3.584,3.583,2.235,31.665,6.661
514.5,346,0.42,1.19,875,1.407,3.785,3.817,2.496,31.779,6.756
515,384,407,1.217,894,1.474,3.859,3.964,2.567,31.866,6.784
515.5,424,375,1.212,877,1.446,3.827,3.93,2.462,31.803,6.747
516,404,351,1.165,861,1.376,3.737,3.85,2.325,31.666,6.687
516.5,401,334,1.139,835,1.302,3.701,3.781,2.2,31.556,6.671
517,0.37,316,1.117,863,1.312,3.784,3.792,2.15,31.536,6.732
517.5,386,328,1.095,868,1.325,3.896,3.837,2.215,31.546,6.81
518,396,337,1.073,859,1.294,4.011,3.865,2.29,31.55,6.828
518.5,0.38,334,01.07,924,1.33,4.126,3.943,2.471,31.593,6.871
519,398,343,1.052,916,1.328,4.139,3.999,2.648,31.617,6.9
519.5,358,312,1.084,918,1.361,4.185,4.047,2.822,31.638,6.906
520,358,345,1.067,869,1.334,4.127,3.98,2.762,31.59,6.86
520.5,362,0.35,1.008,816,1.245,3.934,3.829,2.592,31.499,6.778
521,358,365,958,0.76,1.176,3.747,3.694,2.388,31.439,6.713
521.5,348,352,962,747,1.148,3.631,3.634,2.26,31.47,6.737
522,307,371,955,765,1.149,3.664,3.663,2.202,31.474,6.802
522.5,285,0.36,959,0.77,1.134,3.69,3.685,2.197,31.445,6.822
523,223,362,977,798,1.16,3.725,3.646,2.167,31.385,6.776
523.5,208,324,0.98,844,1.178,3.662,3.517,2.044,31.311,6.655
524,221,309,915,792,1.122,3.382,3.25,1.772,31.171,6.457
524.5,224,271,911,758,1.126,3.198,03.06,1.572,31.076,6.272
525,237,274,879,729,1.082,3.104,2.929,1.471,31.014,6.153
525.5,263,298,828,689,01.01,2.951,2.843,1.384,30.96,6.037
526,328,328,821,657,981,2.825,2.802,1.347,30.956,5.977
526.5,348,335,857,0.67,0.97,2.8,2.825,1.399,30.986,5.963
527,363,0.39,861,673,942,2.809,2.865,1.449,30.95,6
527.5,403,476,835,611,903,2.798,2.878,1.465,30.892,5.99
528,392,0.51,867,637,934,2.813,2.915,1.579,30.875,6.035
528.5,415,517,898,676,962,2.851,3.003,1.704,30.902,6.137
529,0.39,0.49,878,659,968,2.825,3.041,1.759,30.964,6.254
529.5,355,458,868,654,956,2.859,3.089,1.801,31.087,6.391
530,337,425,842,603,915,2.858,3.093,1.866,31.222,6.507
530.5,313,367,806,541,887,2.767,3.035,1.842,31.283,6.529
531,274,284,786,507,873,2.691,2.975,1.798,31.327,6.495
531.5,243,256,787,519,896,2.737,2.987,1.762,31.395,6.464
532,331,302,776,518,884,2.741,2.957,1.716,31.442,6.475
532.5,0.39,397,0.75,519,874,2.796,2.989,1.718,31.498,6.509
533,412,424,0.77,592,913,2.936,3.089,1.829,31.567,6.59
533.5,494,461,769,612,946,03.08,3.2,1.92,31.625,6.694
534,495,473,747,579,948,3.149,3.266,1.918,31.665,6.765
534.5,501,516,706,514,897,3.123,3.203,1.803,31.592,6.748
535,525,521,682,443,846,3.107,3.109,1.703,31.474,6.693
535.5,455,443,664,381,803,3.052,2.958,1.557,31.343,6.564
536,401,358,668,407,803,3.033,2.86,1.444,31.196,6.444
536.5,386,326,729,471,861,3.015,2.817,1.411,31.167,6.398
537,435,321,779,558,926,2.987,2.828,1.425,31.236,6.429
537.5,395,292,849,691,991,3.035,2.943,1.533,31.352,6.518
538,355,269,0.9,773,1.056,3.098,3.034,1.646,31.47,6.583
538.5,369,308,895,787,1.119,3.128,3.078,1.666,31.542,6.605
539,372,363,871,776,1.105,3.079,3.064,1.606,31.539,6.53
539.5,377,412,824,737,1.084,3.023,3.021,1.566,31.461,6.455
540,0.38,462,812,709,1.083,3.076,3.014,1.604,31.409,6.447
540.5,385,504,775,609,1.015,3.015,2.934,1.528,31.291,6.378
541,391,509,771,593,1.021,3.019,2.942,1.602,31.155,6.401
541.5,416,0.5,834,617,1.068,3.018,3,1.778,31.084,6.455
542,417,442,875,665,1.117,3.066,3.1,1.906,31.066,6.528
542.5,407,415,0.89,685,1.101,2.993,3.073,1.932,31.022,6.52
543,433,458,892,673,1.076,2.993,3.087,2.021,30.995,6.537
543.5,412,485,901,0.68,1.086,2.991,3.1,2.045,31.023,6.572
544,356,468,892,678,1.054,3.021,3.166,2.043,31.074,6.574
544.5,289,405,878,693,1.048,3.146,3.263,2.113,31.16,6.629
545,232,321,0.86,0.68,1.043,3.296,3.388,2.184,31.26,6.754
545.5,243,273,843,626,1.026,3.361,3.381,2.103,31.295,6.776
546,249,228,848,631,1.028,3.409,3.386,2.079,31.295,6.783
546.5,265,175,827,616,1.023,3.438,3.424,02.03,31.241,6.75
547,236,135,782,579,999,3.466,3.348,1.954,31.191,6.641
547.5,195,131,0.7,536,911,3.237,3.099,1.706,31.076,6.42
548,222,0.2,629,476,839,2.971,2.879,1.486,30.998,6.282
548.5,188,186,629,473,853,2.758,2.713,1.392,30.994,6.198
549,173,147,649,508,894,2.688,2.719,1.415,31.018,6.164
549.5,162,123,668,576,963,2.715,2.771,1.514,31.088,6.211
550,159,65,701,633,1.045,2.827,2.852,1.678,31.217,6.359
550.5,251,97,768,697,1.157,2.934,2.906,1.842,31.379,6.519
551,0.27,153,838,744,1.202,3.054,2.977,1.939,31.52,6.682
551.5,319,195,877,757,1.221,3.198,3.108,1.983,31.603,6.846
552,261,165,862,752,1.204,3.424,3.217,2.143,31.73,6.983
552.5,169,76,831,759,1.163,3.465,3.241,2.143,31.819,7.078
553,188,109,759,671,1.053,3.318,3.131,2.032,31.796,7.036
553.5,185,103,695,586,954,3.072,2.965,1.838,31.684,6.933
554,225,118,626,549,847,2.892,2.778,1.61,31.501,6.794
554.5,259,175,595,505,789,2.695,2.573,1.336,31.365,6.707
555,289,172,619,543,817,2.642,2.46,1.254,31.303,6.661
555.5,322,142,688,587,894,2.568,2.424,1.166,31.255,6.637
556,317,205,744,604,902,2.538,2.36,993,31.189,6.561
556.5,0.34,203,803,673,966,2.614,2.383,972,31.108,6.526
557,298,173,0.85,732,1.032,2.681,2.423,1.055,31.119,6.517
557.5,261,143,875,754,1.069,2.658,2.415,1.069,31.102,6.455
558,255,163,838,692,1.035,2.517,2.283,1.007,31,6.268
558.5,0.19,173,784,637,992,2.367,2.212,907,30.893,6.143
559,186,225,751,593,925,2.314,2.109,873,30.833,06.04
559.5,227,252,0.73,546,881,2.182,1.989,795,30.775,6.012
560,273,227,708,557,885,2.093,1.919,758,30.744,6.007
560.5,297,186,732,542,916,1.972,1.81,637,30.753,5.998
561,339,216,715,548,938,1.932,1.731,494,30.723,6.016
561.5,344,208,0.67,561,958,1.933,1.589,0.43,30.665,6.012
562,362,215,662,602,966,1.905,1.486,385,30.688,6.003
562.5,0.33,219,0.65,625,987,1.945,1.472,361,30.705,6
563,0.23,145,656,651,1.025,2.035,1.605,489,30.762,6.035
563.5,166,81,0.67,705,1.049,2.28,1.931,766,30.86,6.1
564,121,88,691,702,1.024,2.49,2.185,1.008,30.923,6.079
564.5,61,0.04,676,717,1.013,2.595,2.301,1.095,30.876,6.065
565,55,32,672,688,994,2.61,2.349,1.108,30.788,5.999
565.5,28,35,719,664,01.02,2.609,2.373,1.168,30.747,5.939
566,15,24,0.78,708,1.097,2.719,2.504,1.307,30.79,6.005
566.5,-22,-7,877,797,1.198,2.897,2.639,1.514,30.924,6.115
567,-49,-38,959,927,1.284,3.091,2.83,1.713,31.097,6.244
567.5,-46,-51,1.006,989,1.376,3.28,2.996,1.814,31.224,6.393
568,-49,-101,1.037,1.046,1.426,3.416,3.179,02.01,31.379,6.525
568.5,-22,-121,1.005,1.067,1.392,3.455,3.287,2.159,31.489,6.608
569,1,-47,0.96,988,1.332,3.458,3.258,2.128,31.475,6.678
569.5,14,0.01,892,0.92,1.268,3.311,3.072,1.889,31.307,6.687
570,75,99,762,754,1.107,3.011,2.723,1.539,31.05,6.583
570.5,135,193,678,634,989,2.722,2.49,1.334,30.899,6.514
571,193,218,642,576,937,2.61,2.325,1.257,30.852,6.506
571.5,0.2,237,641,554,956,2.567,2.343,1.276,30.856,6.504
572,163,224,634,573,0.95,2.569,2.417,1.296,30.864,6.5
572.5,0.18,236,613,574,953,2.53,2.458,1.32,30.899,6.468
573,179,231,595,559,905,2.476,2.501,1.4,30.963,6.429
573.5,217,239,544,523,0.83,2.38,2.48,1.477,31.044,6.437
574,277,289,554,489,0.83,2.408,2.486,1.427,31.036,6.487
574.5,271,281,0.61,506,861,2.42,2.421,1.281,30.965,6.478
575,294,317,588,501,809,2.348,2.251,1.102,30.869,6.427
575.5,318,309,0.58,467,759,2.271,2.113,1.011,30.842,6.367
576,0.36,341,558,439,723,2.196,1.878,828,30.766,6.243
576.5,369,394,503,378,0.69,2.059,1.77,636,30.732,6.065
577,338,439,474,356,666,1.931,1.671,0.53,30.769,5.897
577.5,349,492,477,396,696,1.901,1.676,574,30.871,5.836
578,308,0.44,506,428,755,1.998,1.843,0.7,31.01,5.877
578.5,351,413,486,442,0.81,2.049,1.876,749,31.096,5.922
579,391,0.39,482,467,0.88,2.185,1.935,796,31.137,5.994
579.5,346,293,484,0.45,872,2.18,1.918,767,31.164,6.036
580,345,203,462,418,818,2.127,1.915,756,31.133,6.109
580.5,309,85,0.47,371,766,2.074,1.81,787,31.074,6.176
581,269,28,464,377,0.7,1.981,1.682,686,31.024,6.186
581.5,194,-3,432,332,625,1.866,1.606,613,31.008,6.174
582,166,31,0.39,305,575,1.77,1.493,565,30.957,6.134
582.5,138,52,373,335,594,1.774,1.464,555,30.984,6.145
583,87,49,0.37,365,612,1.883,1.605,679,31.046,6.191
583.5,43,105,361,358,622,1.938,1.629,691,31.088,6.193
584,16,0.13,325,334,623,1.977,1.619,706,31.085,6.21
584.5,-7,92,264,0.24,505,1.775,1.41,493,30.991,6.108
585,-2,32,226,163,413,1.519,1.203,0.21,30.797,5.944
585.5,-33,-34,235,119,0.38,1.242,942,15,30.599,5.812
586,-25,-0.1,244,165,388,1.033,719,-211,30.53,5.691
586.5,-2,-0.09,249,156,363,916,629,-284,30.527,5.633
587,83,-41,283,199,407,862,555,-302,30.55,5.62
587.5,191,17,292,232,469,0.88,559,-278,30.631,5.604
588,289,136,301,278,532,1.039,0.8,-72,30.708,5.667
588.5,0.26,199,373,358,672,1.339,1.128,185,30.816,5.76
589,249,0.23,405,418,783,1.568,1.379,414,30.835,5.829
589.5,279,255,428,426,824,1.734,1.499,0.48,30.789,5.852
590,294,293,387,389,783,1.714,1.503,372,30.65,5.785
590.5,272,268,357,359,768,1.679,1.509,351,30.559,5.768
591,0.26,184,316,347,736,1.665,1.44,253,30.481,5.722
591.5,221,168,318,288,625,1.677,1.393,264,30.472,5.698
592,167,98,353,278,593,1.729,1.374,266,30.486,5.715
592.5,0.22,0.14,287,224,522,1.681,1.389,215,30.4,5.659
593,278,0.23,253,195,515,1.758,1.476,322,30.418,5.706
593.5,288,316,192,145,456,1.768,1.521,0.36,30.471,5.741
594,324,412,127,119,431,1.734,1.549,436,30.588,5.767
594.5,412,523,66,99,395,1.686,1.504,409,30.774,5.853
595,459,582,6,56,347,1.572,1.475,0.37,30.912,5.912
595.5,494,607,-38,29,324,1.512,1.481,432,31.04,5.941
596,458,516,-16,41,353,1.551,1.545,497,31.056,5.988
596.5,321,338,105,141,451,1.645,1.607,675,31.102,6.089
597,184,155,243,239,568,1.82,1.809,0.83,31.153,6.229
597.5,162,105,0.32,316,652,2.036,2.029,1.042,31.221,6.333
598,0.23,111,388,359,695,2.265,2.242,1.247,31.315,6.429
598.5,263,114,398,407,737,2.484,2.402,1.431,31.386,6.495
599,295,0.13,396,461,789,2.699,2.569,1.594,31.498,6.498
599.5,328,108,355,459,787,2.692,2.606,1.597,31.504,6.481
600,332,122,329,423,774,2.602,2.595,1.488,31.38,6.413
600.5,301,0.06,324,434,775,2.439,2.484,1.345,31.274,6.362
601,212,-3,339,473,819,2.266,2.309,1.146,31.129,6.287
601.5,76,-108,403,559,908,2.033,2.099,0.94,30.988,6.254
602,22,-121,455,581,926,1.814,1.887,723,30.881,6.158
602.5,92,-21,428,542,884,1.585,1.614,468,30.797,6.008
603,244,88,386,451,784,1.351,1.311,219,30.651,5.81
603.5,331,165,356,393,713,1.278,1.131,79,30.453,5.598
604,399,0.25,316,344,661,1.303,1.115,49,30.344,5.469
604.5,453,283,267,264,0.59,1.273,1.155,0,30.217,5.433
605,363,197,267,274,615,1.397,1.234,91,30.211,5.543
605.5,237,96,313,0.3,633,1.494,1.264,156,30.323,5.712
606,137,0.1,355,369,675,1.585,1.335,265,30.446,5.836
606.5,43,53,381,0.44,755,1.681,1.493,415,30.587,5.991
607,-32,12,416,481,804,1.779,1.637,592,30.745,6.126
607.5,-21,79,0.35,423,728,1.715,1.525,549,30.741,6.118
608,1,123,291,316,586,1.526,1.283,409,30.621,6.037
608.5,3,116,198,234,451,1.348,1.056,231,30.47,5.932
609,-0.01,0.06,139,214,414,1.213,1.032,206,30.385,5.938
609.5,23,-0.04,151,231,421,1.208,01.06,233,30.385,5.976
610,-68,-189,225,345,572,1.423,1.241,435,30.478,6.116
610.5,-72,-213,308,422,691,1.648,1.415,624,30.634,6.233
611,-18,-128,396,548,822,1.896,1.659,852,30.788,6.343
611.5,3,-108,472,649,969,2.044,1.879,958,30.929,6.43
612,-41,-79,536,681,1.079,2.18,2.032,1.038,31.058,6.524
612.5,-8,-16,576,686,1.027,2.081,1.96,882,30.988,6.415
613,0.08,119,527,573,0.86,1.711,1.548,495,30.741,6.21
613.5,193,209,436,479,714,1.321,1.212,145,30.575,6.032
614,252,0.26,436,446,0.65,1.098,1.045,23,30.458,5.955
614.5,273,234,0.38,393,586,965,895,-161,30.389,5.874
615,284,255,0.29,358,573,1.008,929,-0.16,30.404,5.878
615.5,335,315,225,278,572,1.148,1.015,-102,30.427,5.871
616,338,319,192,252,569,1.358,1.135,68,30.497,5.85
616.5,298,272,168,243,617,1.579,1.253,151,30.593,5.849
617,0.25,253,159,249,654,1.718,1.349,0.28,30.714,5.881
617.5,227,216,196,0.26,617,1.745,1.397,367,30.79,5.828
618,247,262,186,253,563,1.628,1.325,0.33,30.76,5.762
618.5,221,259,212,263,528,1.535,1.333,318,30.811,5.765
619,182,176,269,288,0.51,1.553,1.362,348,30.832,5.796
619.5,129,132,212,202,406,1.348,1.182,161,30.823,5.782
620,78,127,135,84,302,1.236,1.081,13,30.824,5.784
620.5,112,154,58,-39,204,1.147,956,-197,30.74,5.756
621,114,0.11,-46,-0.11,133,1.057,796,-332,30.649,5.7
621.5,153,134,-84,-97,155,1.17,783,-349,30.666,5.708
622,234,234,-145,-0.12,166,1.181,758,-391,30.675,5.67
622.5,0.27,323,-159,-136,0.18,1.173,749,-387,30.681,5.625
623,279,396,-127,-0.04,251,1.262,895,-309,30.748,5.672
623.5,247,356,-28,58,328,1.509,1.118,-63,30.875,5.798
624,201,271,137,231,479,1.77,1.479,397,31.014,06.07
624.5,141,255,255,368,0.64,1.968,1.746,821,31.212,6.294
625,-17,65,406,564,852,2.186,2.042,1.165,31.429,6.541
625.5,-99,-97,503,696,1.001,2.28,2.228,1.386,31.512,6.704
626,-183,-286,543,786,01.09,2.253,2.219,1.429,31.538,6.695
626.5,-0.14,-315,542,765,1.093,2.195,2.135,1.325,31.436,6.639
627,-85,-252,529,686,1.052,2.092,2.038,1.165,31.296,6.534
627.5,-38,-218,493,0.6,974,1.998,1.835,964,31.121,6.362
628,7,-197,452,525,905,2.007,1.729,0.74,31.004,6.275
628.5,66,-222,425,451,808,2.007,1.676,651,30.89,6.186
629,131,-171,389,474,786,1.961,1.775,773,30.823,6.232
629.5,248,5,273,426,711,1.95,1.806,811,30.798,6.2
630,224,-19,0.25,411,701,1.961,1.789,737,30.793,6.139
630.5,224,-2,243,321,0.64,1.928,1.705,569,30.755,6
631,295,65,142,196,0.48,1.68,1.407,173,30.682,5.783
631.5,287,128,79,84,0.37,1.42,1.096,-131,30.572,5.659
632,0.33,233,42,-14,283,1.101,759,-0.36,30.429,5.584
632.5,215,173,32,-13,261,958,547,-475,30.362,5.544
633,0.11,49,0.06,42,309,839,388,-569,30.319,5.536
633.5,26,-39,99,109,367,719,278,-0.54,30.233,5.515
634,75,-2,72,188,372,612,235,-425,30.199,5.558
634.5,159,101,-37,173,306,567,243,-0.4,30.194,5.531
635,156,139,-109,101,271,657,282,-361,30.19,5.464
635.5,0.18,175,-152,-5,234,755,391,-421,30.199,5.377
636,259,239,-208,-53,204,734,329,-0.58,30.247,5.34
636.5,0.23,144,-176,-0.06,191,706,284,-681,30.31,5.367
637,235,103,-144,-72,0.17,759,293,-711,30.402,5.436
637.5,183,73,-0.09,-79,163,842,414,-619,30.542,5.511
638,148,22,-43,-0.08,181,888,496,-639,30.638,5.59
638.5,163,41,15,-76,203,857,431,-712,30.65,5.604
639,186,0.02,41,-9,258,859,515,-649,30.666,5.671
639.5,0.13,23,24,-1,318,837,634,-622,30.615,5.677
640,83,23,-15,-29,379,904,0.76,-562,30.531,5.744
640.5,146,93,-17,-18,476,981,884,-411,30.455,5.831
641,239,143,-6,52,551,1.013,861,-342,30.355,5.837
641.5,279,0.16,69,129,587,1.087,851,-395,30.311,5.866
642,298,168,157,251,607,1.139,0.82,-227,30.427,5.871
642.5,323,276,187,252,605,1.189,837,-87,30.551,5.847
643,313,331,163,228,543,1.191,786,-65,30.695,5.9
643.5,0.36,337,161,203,451,1.205,755,-53,30.778,5.929
644,351,262,179,0.24,433,1.392,989,156,30.956,5.996
644.5,234,233,97,197,419,1.48,1.199,223,31.004,6.018
645,138,62,38,0.18,379,1.682,1.362,304,31.019,6.044
645.5,61,-0.09,3,196,392,1.813,1.488,342,30.89,5.99
646,29,-237,0,199,441,1.865,1.513,297,30.718,5.825
646.5,-77,-361,29,243,463,1.738,1.391,69,30.461,5.575
647,-266,-525,162,376,581,1.55,1.275,46,30.319,5.369
647.5,-411,-602,267,0.47,702,1.454,1.237,-2,30.299,5.283
648,-401,-605,311,507,698,1.314,1.138,28,30.383,5.364
648.5,-324,-522,0.38,519,651,1.296,1.201,174,30.508,5.573
649,-145,-382,374,468,654,1.332,1.298,409,30.681,5.838
649.5,-93,-0.27,319,423,631,1.321,1.38,505,30.856,6.059
650,-55,-267,284,303,517,1.267,1.232,342,30.924,6.18
650.5,36,-213,226,214,386,1.143,1.052,54,30.867,6.141
651,227,12,123,12,217,923,733,-356,30.817,6
651.5,257,91,63,-94,113,722,486,-656,30.783,5.798
652,0.21,167,33,-123,142,0.67,423,-735,30.778,5.654
652.5,0.21,228,46,-31,202,0.63,517,-703,30.881,5.682
653,228,195,73,-17,246,738,607,-421,31.045,5.837
653.5,122,55,128,106,372,966,874,-85,31.185,6.053
654,0.08,-16,174,176,547,1.15,1.107,315,31.232,6.272
654.5,-93,-109,195,267,701,1.359,1.355,604,31.359,6.366
655,-134,-179,169,275,749,1.324,1.361,563,31.342,6.288
655.5,-118,-235,156,0.31,721,1.27,1.283,506,31.339,6.179
656,-12,-119,27,0.2,604,1.137,1.104,372,31.294,6.083
656.5,59,-31,-26,136,523,1.048,1.054,212,31.27,5.991
657,119,34,-69,105,0.49,1.045,996,151,31.141,5.95
657.5,0.16,82,-18,142,428,944,897,51,30.93,5.881
658,135,37,64,169,387,924,777,-17,30.743,5.825
658.5,66,-18,97,245,395,945,777,-103,30.589,5.762
659,42,-14,169,293,0.44,1.097,881,-36,30.502,5.764
659.5,-54,-0.01,246,333,537,1.299,01.03,72,30.55,5.773
660,-101,-17,343,425,653,1.47,1.215,197,30.703,5.83
660.5,-24,19,413,408,746,1.591,1.381,425,30.917,5.965
661,91,122,354,376,736,1.661,1.458,593,31.055,6.069
661.5,155,171,277,329,701,1.739,1.583,653,31.098,6.137
662,151,124,185,278,653,1.685,1.528,0.6,30.982,6.122
662.5,174,108,123,228,583,1.662,1.456,542,30.747,6.027
663,271,136,-27,134,448,1.602,1.359,405,30.51,5.831
663.5,237,51,-93,142,465,1.71,1.405,403,30.399,5.742
664,0.25,-45,-132,155,488,1.894,1.481,319,30.355,5.685
664.5,155,-99,-63,0.23,556,2.069,1.637,424,30.383,5.733
665,126,-76,103,361,671,2.252,1.929,653,30.48,5.946
665.5,209,-28,257,442,851,2.376,2.089,781,30.632,6.119
666,213,-25,356,572,906,2.396,2.088,825,30.712,6.22
666.5,214,14,405,702,966,2.321,2.013,814,30.803,6.284
667,146,0.05,369,0.69,923,2.034,1.714,539,30.759,6.223
667.5,136,108,326,602,827,1.812,1.472,412,30.74,6.114
668,152,151,317,454,703,1.73,1.243,385,30.825,5.971
668.5,53,0.09,299,438,704,1.616,1.173,416,30.975,5.833
669,107,127,0.2,356,552,1.408,1.108,291,31.063,5.665
669.5,0.08,132,116,259,436,1.369,1.108,315,31.12,5.645
670,96,138,86,252,0.37,1.336,1.168,415,31.112,5.757
670.5,36,13,73,291,445,1.407,1.247,452,31.081,5.874
671,-26,-93,0.1,294,0.47,1.527,1.367,469,30.924,5.996
671.5,-35,-156,149,321,535,1.49,1.223,337,30.743,6
672,-145,-174,137,309,551,1.349,985,106,30.489,5.935
672.5,-195,-202,0.19,274,589,1.126,756,27,30.33,5.816
673,-0.25,-214,0.29,245,604,944,586,-0.06,30.285,5.742
673.5,-272,-0.24,0.38,0.31,608,704,538,-117,30.397,5.673
674,-187,-148,346,247,501,415,413,-305,30.5,5.615
674.5,-177,-72,269,143,408,358,326,-433,30.678,5.589
675,-131,-1,152,106,301,441,348,-421,30.778,5.626
675.5,-127,23,86,62,293,585,577,-291,30.9,5.724
676,-75,0.05,102,94,295,887,932,-46,30.956,5.784
676.5,-41,54,179,211,394,1.213,1.178,0.22,30.992,5.8
677,23,77,152,295,484,1.512,1.434,458,30.976,5.76
677.5,99,84,159,328,553,1.617,1.513,629,30.972,5.789
678,121,61,155,262,503,1.647,1.495,627,31.043,5.878
678.5,127,1,192,298,512,1.613,1.439,635,31.191,6.006
679,147,-49,153,279,499,1.501,1.305,0.57,31.278,6.116
679.5,112,-29,115,0.19,488,1.399,1.266,543,31.369,6.248
680,107,-0.05,25,119,419,1.234,1.113,449,31.332,6.319
680.5,79,-5,-0.04,7,363,957,934,353,31.178,6.324
681,167,3,-72,-32,261,776,823,241,30.964,6.168
681.5,216,93,-93,-34,226,592,0.66,88,30.704,5.968
682,251,119,-88,-56,232,479,497,-138,30.484,5.741
682.5,302,0.18,-166,-238,128,89,13,-703,30.195,5.46
683,274,174,-237,-385,-41,-328,-513,-1.294,30.021,5.218
683.5,277,0.14,-197,-388,-39,-495,-756,-1.677,29.969,5.162
684,207,23,-0.12,-252,73,-489,-802,-1.779,30.048,5.179
684.5,165,26,-86,-145,207,-379,-701,-1.668,30.153,5.275
685,258,43,-88,-0.07,226,-197,-0.61,-1.464,30.219,5.394
685.5,261,48,-119,-47,238,53,-424,-1.165,30.28,5.47
686,0.38,59,-129,-32,0.26,0.28,-172,-806,30.357,5.497
686.5,426,129,-133,-0.01,269,471,67,-442,30.389,5.528
687,439,93,-86,58,344,594,274,-166,30.506,5.539
687.5,517,92,-161,-88,249,386,192,-251,30.509,5.43
688,609,112,-233,-227,67,96,121,-396,30.614,5.426
688.5,706,171,-203,-309,56,66,259,-414,30.779,5.56
689,751,242,-169,-249,112,178,414,-433,31.033,5.673
689.5,0.68,233,-43,-114,227,509,622,-0.29,31.337,5.902
690,0.64,304,-22,-39,268,0.79,707,-201,31.474,6.094
690.5,482,264,-0.01,86,311,991,783,-114,31.51,6.166
691,336,166,-13,121,356,1.059,735,-116,31.439,6.111
691.5,209,104,-33,94,328,862,0.53,-247,31.264,5.969
692,154,3,-129,-5,239,444,115,-535,31.051,5.681
692.5,152,-41,-301,-219,31,-67,-318,-915,30.777,5.379
693,213,-5,-414,-371,-107,-461,-548,-1.192,30.559,5.229
693.5,258,103,-504,-554,-255,-815,-769,-1.479,30.245,5.127
694,308,175,-518,-0.6,-342,-846,-0.88,-1.765,30.012,5.132
694.5,216,185,-416,-0.57,-322,-656,-858,-1.763,29.921,5.262
695,188,269,-0.35,-507,-272,-347,-723,-1.686,29.791,5.409
695.5,159,289,-228,-328,-203,-31,-0.53,-1.587,29.723,5.45
696,183,0.3,-165,-305,-138,158,-352,-1.417,29.797,5.407
696.5,134,318,-89,-0.22,-74,238,-0.17,-1.268,29.982,5.333
697,245,371,-101,-234,-75,0.21,-0.07,-1.114,30.204,5.202
697.5,319,425,-147,-277,-111,257,0.03,-892,30.519,5.147
698,362,428,-128,-0.25,-16,352,198,-0.67,30.767,5.193
698.5,321,0.38,-134,-238,33,334,204,-612,30.811,5.243
699,301,0.27,-168,-242,75,401,179,-596,30.861,5.388
699.5,293,289,-227,-278,51,413,0.15,-618,30.872,5.536
700,238,239,-0.24,-268,83,661,283,-495,30.912,5.722
700.5,244,147,-219,-164,92,738,315,-529,30.851,5.769
701,97,-22,-98,-15,215,969,506,-387,30.876,5.748
701.5,-82,-185,45,185,0.37,1.102,647,-323,30.909,5.676
702,-233,-381,0.16,293,476,1.131,0.66,-251,30.925,5.563
702.5,-293,-553,254,347,521,1.162,583,-0.29,30.998,5.56
703,-304,-522,258,289,504,995,379,-438,31.042,5.516
703.5,-277,-487,253,0.28,542,917,345,-478,31.194,5.618
704,-148,-396,187,235,559,895,351,-458,31.377,5.785
704.5,-71,-0.3,105,163,524,904,535,-311,31.489,6.026
705,-102,-298,59,141,496,996,756,-1,31.563,6.217
705.5,-61,-276,0.09,195,464,1.004,938,0.19,31.468,6.275
706,-13,-196,98,287,554,1.112,1.068,364,31.284,6.211
706.5,22,-141,97,291,591,1.108,1.066,377,31.028,5.935
707,0.08,-104,47,0.19,482,1.002,785,-1,30.655,5.513
707.5,226,37,-54,84,323,832,441,-577,30.287,5.143
708,291,279,-114,-0.12,153,452,7,-1.129,30.012,4.829
708.5,386,348,-146,-168,101,234,-329,-1.59,29.89,4.708
709,409,306,-134,-165,63,-14,-634,-1.946,29.755,4.736
709.5,419,259,-75,-159,46,-203,-896,-2.003,29.624,4.847
710,304,236,23,-0.16,28,-398,-1.098,-2.086,29.467,4.964
710.5,316,285,63,-157,-22,-585,-1.228,-2.06,29.305,5.096
711,333,361,-69,-211,-109,-726,-1.332,-1.984,29.138,5.126
711.5,247,317,-107,-269,-157,-672,-1.218,-1.798,29.222,5.091
712,201,236,-219,-419,-286,-0.63,-1.081,-1.807,29.315,5.023
712.5,165,146,-286,-428,-247,-386,-732,-1.559,29.571,5.043
713,-16,-95,-0.15,-318,-85,46,-209,-1.083,30.029,5.334
713.5,-97,-297,-129,-0.14,76,484,339,-615,30.496,5.651
714,-168,-391,-126,18,194,0.88,889,-41,30.927,6.094
714.5,-23,-259,-105,39,236,1.162,1.188,358,31.195,6.369
715,0.09,-64,-94,56,278,1.394,1.382,503,31.317,6.546
715.5,259,194,-152,24,161,1.314,1.177,443,31.298,6.5
716,284,338,-304,-111,19,1.005,797,0.11,31.185,6.249
716.5,254,359,-301,-153,58,693,356,-245,31.244,6.019
717,239,259,-238,-0.21,-15,315,-0.08,-716,31.273,5.705
717.5,0.19,79,-191,-181,36,77,-424,-946,31.297,5.468
718,87,-122,-76,-102,98,-1,-499,-983,31.329,5.452
718.5,-8,-225,-43,-103,116,-37,-479,-1.029,31.246,5.513
719,3,-279,-66,-208,85,-115,-374,-1.074,31.061,5.621
719.5,147,-181,-117,-314,-3,-252,-0.4,-1.181,30.775,5.644
720,167,-207,-0.07,-266,81,-92,-329,-1.109,30.483,5.787
720.5,168,-0.16,-7,-181,131,-16,-373,-1.092,30.209,5.849
721,149,-0.04,-88,-149,0.21,2,-394,-1.108,29.937,5.831
721.5,186,86,-24,5,348,161,-364,-1.078,29.917,5.787
722,231,197,27,84,348,364,-288,-977,29.955,5.68
722.5,0.23,239,-11,137,0.4,618,-128,-756,30.066,5.627
723,136,224,-56,128,371,792,124,-508,30.282,5.55
723.5,114,0.25,-64,52,0.28,861,295,-384,30.466,5.567
724,126,193,-71,-13,254,826,383,-0.34,30.563,5.615
724.5,47,32,-16,77,302,899,475,-224,30.641,5.764
725,-79,-0.22,107,187,418,1,556,-63,30.65,5.981
725.5,-126,-351,192,292,458,1.002,576,4,30.664,6.067
726,-24,-313,91,256,365,893,471,-159,30.519,5.938
726.5,218,-138,-36,112,191,738,259,-454,30.38,5.681
727,355,33,-181,-66,-5,693,215,-606,30.305,5.439
727.5,477,228,-434,-0.34,-244,355,-95,-918,30.15,5.009
728,494,304,-636,-568,-467,-21,-319,-1.23,30.157,4.646
728.5,518,313,-655,-642,-539,-327,-541,-1.348,30.268,4.546
729,452,248,-603,-574,-502,-493,-817,-1.513,30.377,4.564
729.5,0.25,96,-561,-468,-388,-509,-854,-1.5,30.563,4.743
730,226,75,-515,-429,-354,-554,-895,-1.467,30.698,5
730.5,221,67,-512,-415,-0.37,-461,-0.79,-1.353,30.837,5.258
731,255,0.15,-539,-419,-317,-194,-473,-1.19,30.873,5.528
731.5,261,165,-0.54,-379,-172,142,-69,-849,30.934,5.786
732,203,173,-471,-249,13,526,524,-358,31.062,5.951
732.5,0.15,103,-421,-172,178,753,855,72,31.142,5.948
733,0.05,-57,-272,-43,347,1.021,1.275,468,31.337,6.025
733.5,-59,-259,-62,0.13,532,1.402,1.563,868,31.625,6.127
734,-157,-387,118,324,651,1.702,1.686,1.073,31.911,6.145
734.5,-164,-428,174,377,662,1.795,1.722,1.12,32.093,6.158
735,-57,-235,138,309,497,1.764,1.493,966,32.013,6.15
735.5,34,-62,-2,179,301,1.611,1.246,0.67,31.877,6.186
736,101,133,-0.14,6,205,1.522,1.177,498,31.712,6.319
736.5,209,249,-278,-113,135,1.414,1.003,277,31.444,6.384
737,244,315,-344,-205,78,1.196,878,69,31.177,6.298
737.5,256,207,-467,-354,3,952,688,-64,30.88,6.12
738,229,164,-544,-479,-122,681,565,-153,30.554,5.939
738.5,223,0.09,-597,-564,-262,418,352,-347,30.328,5.742
739,215,-19,-567,-522,-322,-44,61,-615,30.162,5.598
739.5,161,-99,-607,-551,-389,-595,-463,-995,29.998,5.451
740,137,-41,-741,-634,-568,-1.072,-1.036,-1.48,29.768,5.284
740.5,221,-0.04,-0.77,-662,-589,-1.316,-1.301,-1.846,29.692,5.23
741,209,-0.05,-755,-637,-523,-1.183,-1.327,-2.03,29.64,5.25
741.5,0.23,-29,-744,-617,-502,-902,-1.304,-2.234,29.559,5.264
742,161,-62,-703,-612,-488,-0.62,-1.179,-2.294,29.545,5.203
742.5,0.25,-57,-665,-575,-0.44,-281,-864,-2.148,29.624,5.175
743,215,-25,-613,-558,-384,98,-472,-1.773,29.726,5.179
743.5,147,-49,-527,-478,-327,373,-195,-1.466,29.893,5.228
744,-7,-162,-455,-356,-195,286,-89,-1.273,30.082,5.197
744.5,-108,-294,-373,-152,47,0.39,-32,-1.003,30.34,5.188
745,-91,-216,-0.3,8,157,458,21,-772,30.593,5.175
745.5,-109,-232,-165,257,407,669,0.32,-347,30.86,5.305
746,-229,-254,-99,433,512,833,385,-188,30.914,5.435
746.5,-299,-0.29,-113,468,524,827,332,-185,30.854,5.519
747,-375,-285,-128,382,476,667,225,-395,30.62,5.528
747.5,-312,-165,-91,313,453,541,208,-474,30.425,5.606
748,-371,-225,-126,0.16,355,528,132,-519,30.203,5.674
748.5,-407,-279,-0.15,0.02,293,405,-49,-0.7,29.957,5.599
749,-344,-263,-181,-145,233,99,-261,-1.027,29.651,5.286
749.5,-216,-366,-0.14,-41,303,66,-407,-1.2,29.626,5.051
750,-49,-328,-54,29,288,49,-474,-1.254,29.74,4.814
750.5,-24,-365,13,58,342,112,-384,-1.151,29.969,4.848
751,31,-329,52,38,293,131,-349,-1.07,30.145,4.917
751.5,109,-304,47,55,316,274,-144,-0.77,30.328,05.08
752,102,-0.2,-0.03,-0.01,232,338,162,-452,30.42,5.316
752.5,215,-26,-212,-97,68,302,275,-197,30.456,5.603
753,251,33,-373,-0.2,-95,477,442,-112,30.59,5.905
753.5,306,134,-484,-306,-144,558,597,-104,30.639,6.013
754,329,288,-584,-395,-197,505,549,-174,30.56,5.979
754.5,409,321,-625,-371,-244,548,523,-276,30.559,5.803
755,506,273,-645,-393,-0.3,538,0.51,-439,30.494,5.466
755.5,0.4,232,-599,-489,-305,554,377,-584,30.399,5.162
756,398,262,-523,-437,-288,465,366,-722,30.298,4.885
756.5,281,125,-481,-248,-146,491,454,-661,30.199,4.723
757,175,79,-447,-165,-0.06,432,465,-535,30.091,4.625
757.5,196,41,-472,-94,0.06,276,356,-358,30.086,4.664
758,159,2,-347,-22,231,485,483,-193,30.306,4.907
758.5,199,-0.03,-277,18,378,0.69,635,75,30.564,5.194
759,223,-0.06,-265,11,0.46,737,616,219,30.805,5.446
759.5,222,-34,-249,36,432,0.8,625,124,30.874,5.541
760,171,-101,-228,-17,326,697,416,-189,30.729,5.398
760.5,0.15,35,-278,-149,84,447,76,-645,30.526,5.115
761,129,144,-329,-0.15,-61,124,-103,-1.085,30.394,4.881
761.5,-0.02,66,-332,-52,-98,-44,-272,-1.415,30.334,4.659
762,-55,108,-277,-71,-153,-163,-401,-1.601,30.291,4.411
762.5,-0.13,0.01,-207,-72,-103,-145,-371,-1.388,30.41,4.419
763,-179,-59,-157,-113,-93,5,-0.26,-1.121,30.599,4.632
763.5,-57,-143,-251,-213,-132,173,-0.12,-735,30.804,05.02
764,-23,-252,-277,-245,-115,204,-0.03,-0.49,30.906,5.382
764.5,2,-242,-272,-222,-75,186,-144,-442,30.633,5.638
765,88,-176,-238,-0.26,-91,-37,-298,-595,30.186,5.717
765.5,287,-15,-269,-331,-159,-0.29,-483,-768,29.751,5.66
766,336,146,-253,-236,-126,-441,-606,-822,29.541,5.559
766.5,423,218,-191,-179,-86,-503,-677,-929,29.525,5.471
767,363,0.3,-109,-132,-0.09,-558,-689,-996,29.589,5.254
767.5,0.22,176,-52,-0.07,-81,-409,-571,-824,29.938,5.204
768,247,127,-0.13,-44,-71,-286,-401,-644,30.389,5.205
768.5,217,-26,-189,-4,-7,-142,-85,-403,30.835,5.371
769,157,-276,-198,118,121,-97,117,-278,31.12,5.623
769.5,124,-462,-225,93,0.25,-0.05,222,-316,31.239,5.847
770,185,-0.42,-323,-38,242,-78,71,-515,31.171,5.959
770.5,254,-333,-414,-147,187,-31,-65,-611,30.93,6.069
771,343,-171,-573,-312,103,-204,-329,-789,30.777,6.053
771.5,427,0,-542,-391,42,-228,-396,-908,30.696,6.092
772,292,91,-0.42,-389,7,-107,-346,-747,30.7,6.018
772.5,355,209,-281,-455,-24,151,-139,-618,30.855,5.901
773,475,295,-198,-453,-41,417,118,-528,30.919,5.76
773.5,327,289,-92,-328,34,531,363,-385,31.017,5.675
774,174,151,-14,-163,119,639,451,-418,31.003,5.647
774.5,112,35,0.07,-154,264,777,558,-509,30.972,5.588
775,102,82,87,-128,307,1.048,434,-485,30.824,5.539
775.5,76,124,47,-28,298,1.016,369,-564,30.537,5.551
776,129,84,-152,-21,225,744,0.24,-864,30.232,5.519
776.5,86,78,-164,61,115,0.49,167,-1.146,29.906,5.589
777,7,-0.1,-163,25,81,184,-84,-1.329,29.663,5.573
777.5,16,-93,-123,41,34,24,-154,-1.378,29.583,5.561
778,7,-184,-172,-0.09,-69,-144,-265,-1.501,29.451,5.379
778.5,-119,-137,-264,-231,-114,-309,-426,-1.506,29.532,5.188
779,-0.2,-265,-339,-397,-134,-364,-571,-1.529,29.556,4.937
779.5,-0.09,-289,-332,-0.5,-78,-0.25,-659,-1.475,29.72,4.628
780,-0.11,-238,-293,-452,21,104,-545,-1.234,29.994,4.496
780.5,-52,-277,-229,-276,96,341,-323,-1.018,30.281,4.525
781,0.01,-307,-291,-184,55,558,25,-873,30.556,4.781
781.5,-0.07,-374,-233,-52,66,743,407,-0.61,30.744,5.197
782,-0.19,-495,-0.1,129,0.13,907,628,-289,30.97,5.66
782.5,-303,-479,-19,345,222,1.175,965,134,31.047,6.103
783,-304,-0.4,-13,289,299,1.373,1.198,283,30.876,6.3
783.5,-412,-369,-55,201,334,1.409,1.14,403,30.703,6.406
784,-326,-189,-106,108,387,1.27,1.014,277,30.359,6.128
784.5,-183,38,-103,122,483,1.389,882,69,30.113,5.723
785,-182,6,13,161,663,1.37,949,-68,29.937,5.385
785.5,-113,-13,-31,0.14,612,1.23,786,-256,29.828,4.961
786,-0.04,-33,-52,39,0.52,1.028,728,-0.46,29.788,4.646
786.5,44,-123,-86,-8,405,796,673,-513,29.877,4.407
787,-43,-304,-96,-88,284,451,0.38,-592,29.881,4.248
787.5,-24,-368,-241,-0.25,69,16,0.03,-784,29.703,4.138
788,71,-282,-444,-473,-215,-388,-419,-934,29.539,4.148
788.5,74,-299,-682,-624,-452,-749,-0.87,-1.133,29.457,4.232
789,205,-209,-784,-745,-515,-966,-1.049,-1.294,29.339,4.29
789.5,225,-264,-752,-732,-439,-731,-918,-1.193,29.31,4.462
790,141,-386,-603,-645,-262,-512,-563,-1.098,29.391,4.691
790.5,-7,-399,-579,-529,-186,-328,-352,-1.085,29.433,4.846
791,-172,-543,-333,-214,95,195,106,-759,29.773,5.059
791.5,-192,-596,-285,-39,206,334,257,-657,30.092,5.133
792,-258,-579,-219,76,265,218,-0.03,-847,30.151,4.985
792.5,-285,-522,-233,77,0.16,0.01,-0.28,-1.139,30.143,4.82
793,-239,-349,-415,-103,44,-0.32,-848,-1.618,29.994,4.531
793.5,-234,-344,-491,-138,-69,-0.67,-1.321,-1.991,29.863,4.396
794,-161,-302,-589,-349,-168,-1.109,-1.787,-2.391,29.749,4.303
794.5,48,-213,-0.63,-476,-257,-1.271,-1.932,-2.422,29.695,4.238
795,276,2,-669,-593,-348,-1.359,-1.953,-2.548,29.686,4.18
795.5,0.32,27,-587,-543,-287,-1.121,-1.708,-2.267,29.818,4.427
796,357,85,-477,-457,-207,-701,-1.308,-1.676,30.031,4.721
796.5,565,281,-556,-564,-291,-606,-1.148,-1.497,30.032,4.873
797,653,462,-617,-666,-327,-0.63,-1.132,-1.477,29.895,4.92
797.5,516,442,-687,-764,-369,-612,-926,-1.537,29.614,4.823
798,374,486,-749,-869,-297,-645,-966,-1.666,29.35,4.61
798.5,142,357,-0.6,-647,-252,-639,-907,-1.776,29.237,4.547
799,-95,129,-0.51,-413,-87,-405,-819,-1.79,29.491,4.485
799.5,-114,-48,-388,-129,81,-82,-635,-1.665,29.746,4.294
800,-217,-177,-0.28,86,211,102,-0.3,-1.493,30.144,4.312
800.5,-239,-234,-171,294,303,194,-166,-1.331,30.447,4.588
801,-67,-132,-284,0.18,253,-7,-324,-1.432,30.454,4.751
801.5,0.01,-0.06,-532,-106,29,-529,-935,-1.927,30.137,4.753
802,3,-5,-0.73,-0.25,-174,-913,-1.193,-2.059,29.783,4.814
802.5,0.05,142,-924,-473,-0.39,-1.281,-1.318,-2.252,29.299,4.73
803,134,329,-1.033,-689,-535,-1.506,-1.672,-2.337,28.896,4.638
803.5,109,223,-1.017,-673,-567,-1.327,-1.637,-2.446,28.509,4.539
804,67,13,-845,-545,-401,-804,-1.521,-2.245,28.43,4.455
804.5,58,-84,-656,-418,-278,-614,-1.276,-2.195,28.319,4.157
805,68,-182,-589,-0.42,-234,-393,-986,-2.071,28.319,3.929
805.5,309,-76,-665,-528,-394,-423,-1.048,-2.161,28.295,3.684
806,549,95,-835,-786,-645,-647,-1.353,-2.513,28.271,3.414
806.5,396,158,-957,-911,-894,-966,-1.718,-2.83,28.263,3.196
807,226,131,-884,-742,-974,-964,-1.596,-2.721,28.572,3.316
807.5,136,194,-904,-722,-0.97,-1.195,-1.624,-2.789,28.739,3.441
808,57,213,-868,-712,-896,-1.241,-1.735,-2.826,28.831,3.714
808.5,-86,7,-841,-664,-0.67,-1.145,-1.68,-2.927,28.794,4.146
809,-266,-209,-744,-501,-496,-1.173,-1.739,-2.78,28.841,4.677
809.5,-385,-412,-572,-265,-196,-1.095,-1.523,-2.383,28.919,4.979
810,-0.31,-0.56,-567,-318,-141,-942,-1.402,-2.117,28.875,5.004
810.5,-116,-587,-643,-492,-307,-1.033,-1.45,-2.101,28.685,4.858
811,-18,-494,-789,-703,-527,-1.087,-1.552,-2.116,28.474,4.522
811.5,-22,-342,-783,-688,-612,-891,-1.558,-2.102,28.313,4.219
812,-33,-245,-598,-551,-542,-0.52,-1.351,-2.026,28.364,4.011
812.5,7,-111,-0.52,-589,-524,-0.29,-1.211,-2.04,28.401,3.807
813,-46,6,-377,-462,-368,236,-787,-1.863,28.657,3.899
813.5,12,185,-321,-354,-282,567,-417,-1.4,28.969,4.252
814,0.01,181,-271,-216,-324,873,-119,-952,29.511,4.788
814.5,71,252,-134,-49,-154,1.117,0.36,-506,29.899,5.231
815,195,334,-193,-99,-269,852,416,-557,29.96,5.472
815.5,407,372,-409,-256,-416,517,151,-706,30.029,5.523
816,588,594,-762,-504,-546,195,-52,-929,29.925,5.34
816.5,623,713,-864,-533,-544,91,-204,-1.029,29.669,5.279
817,487,676,-818,-466,-374,98,-236,-1.078,29.61,5.284
817.5,253,347,-712,-415,-185,98,-254,-0.96,29.709,5.352
818,-123,29,-481,-138,209,531,0.15,-536,30.02,5.507
818.5,-251,-82,-301,-42,368,733,581,-201,30.31,5.607
819,-485,-296,-129,38,452,1.069,849,-31,30.712,5.779
819.5,-558,-238,47,162,585,1.1,1.206,0.14,31.011,5.94
820,-536,-224,143,262,0.6,1.006,1.169,96,31.059,5.848
820.5,-287,-159,87,0.19,494,1.016,1.064,16,31.022,5.573
821,61,117,-158,-32,0.26,808,937,-149,30.582,5.206
821.5,273,223,-259,-94,88,929,1.053,233,30.348,5.234
822,469,289,-311,-91,42,1.043,1.177,646,30.348,5.474
822.5,557,171,-341,-86,14,1.123,1.344,1.105,30.457,5.784
823,451,-43,-324,-89,62,1.331,1.546,1.442,30.547,6.109
823.5,424,-81,-387,-153,24,1.422,1.733,1.545,30.741,6.344
824,0.33,-127,-411,-0.16,12,1.528,1.682,1.648,30.964,6.464
824.5,193,-202,-372,-139,16,1.327,1.439,1.338,31.044,6.331
825,0.02,-329,-334,-151,16,847,737,512,30.672,5.744
825.5,-16,-341,-355,-233,-73,397,78,-317,30.116,5.122
826,-46,-294,-364,-274,-115,196,-222,-666,29.72,4.717
826.5,-114,-309,-251,-202,8,362,-142,-534,29.785,4.747
827,-137,-311,-102,-57,161,545,34,-257,30.124,5.052
827.5,-155,-0.28,21,37,213,676,196,-58,30.408,5.315
828,-223,-356,65,86,281,854,384,192,30.657,5.631
828.5,-0.15,-323,86,114,357,1.087,698,426,30.901,5.893
829,-33,-229,71,159,377,1.108,789,432,31.126,5.952
829.5,-2,-174,-18,75,301,934,723,236,31.071,5.892
830,93,-18,-102,-72,171,577,551,-93,30.846,5.799
830.5,201,189,-0.24,-193,-31,257,393,-379,30.526,5.681
831,331,307,-376,-391,-154,0.01,79,-577,30.213,5.514
831.5,451,348,-508,-536,-232,-446,-397,-1.071,29.876,5.217
832,456,426,-706,-739,-0.43,-1.129,-1.186,-1.701,29.538,4.746
832.5,484,476,-0.9,-974,-636,-1.726,-1.843,-2.272,29.182,4.176
833,462,398,-1.064,-1.097,-716,-2.032,-2.142,-2.406,29.117,3.844
833.5,537,357,-1.058,-1.182,-669,-2.095,-2.126,-2.374,29.334,3.713
834,546,388,-1.063,-1.119,-646,-1.898,-1.987,-2.179,29.8,3.812
834.5,444,356,-1.023,-997,-0.59,-1.441,-1.557,-1.643,30.268,4.161
835,0.29,354,-861,-0.71,-0.45,-784,-841,-953,30.818,4.752
835.5,0.26,0.32,-703,-406,-346,-233,-303,-334,31.137,5.249
836,298,214,-575,-0.28,-183,181,-39,13,31.221,5.64
836.5,318,19,-497,-114,-167,308,161,18,31.146,5.947
837,284,13,-0.46,-136,-246,282,88,-89,31.005,6.082
837.5,241,-61,-412,-0.2,-241,162,66,-265,30.78,6.14
838,175,-162,-324,-194,-218,0.01,-43,-628,30.592,6.039
838.5,183,-118,-374,-0.39,-262,-362,-442,-1.175,30.239,5.755
839,124,-44,-516,-571,-469,-811,-936,-1.725,29.817,5.395
839.5,-0.09,-7,-531,-682,-581,-1.111,-1.226,-2.109,29.481,5.089
840,-159,33,-582,-788,-753,-1.358,-1.454,-2.303,29.079,4.701
840.5,-47,146,-592,-879,-0.87,-1.301,-1.707,-2.316,28.598,4.363
841,29,157,-529,-947,-941,-999,-1.645,-2.211,28.407,4.313
841.5,134,137,-513,-954,-979,-727,-1.583,-2.135,28.554,4.448
842,262,243,-526,-0.91,-833,-668,-1.498,-2.201,28.658,4.492
842.5,436,182,-546,-803,-595,-745,-1.46,-2.325,28.828,4.503
843,437,-0.01,-585,-0.64,-411,-817,-1.433,-2.546,28.881,4.455
843.5,501,-33,-786,-718,-349,-1.15,-1.672,-2.593,28.951,4.397
844,0.41,-174,-845,-533,-217,-1.201,-1.45,-2.517,29.472,4.541
844.5,0.21,-359,-618,-0.44,-85,-1.117,-1.205,-2.19,30.004,4.651
845,-22,-542,-677,-391,-103,-1.04,-1.009,-1.95,30.294,4.559
845.5,-159,-488,-521,-0.34,-39,-783,-852,-1.6,30.503,4.548
846,-292,-552,-213,-167,67,-0.5,-0.46,-1.172,31.014,4.711
846.5,-0.21,-589,-154,-155,0.11,-635,-562,-1.133,31.153,4.675
847,-172,-569,-77,-188,135,-718,-542,-1.356,30.936,4.477
847.5,-11,-0.6,-87,-248,103,-653,-452,-1.52,30.878,4.348
848,148,-561,-236,-337,44,-638,-436,-1.704,30.511,4.303
848.5,398,-0.45,-334,-465,-33,-693,-377,-1.674,30.4,4.377
849,0.52,-508,-284,-195,169,-302,-41,-1.665,30.851,4.601
849.5,371,-602,-168,-11,412,-87,-75,-1.605,31.139,4.8
850,274,-503,-421,86,517,-299,-179,-1.804,31.231,4.796